#1
double tmy(8761,3)
0 300.05 0.0
3600 297.45 0.0
7200 296.55 0.0
10800 295.85 0.0
14400 295.25 0.0
18000 295.95 41.0
21600 297.85 163.0
25200 300.55 319.0
28800 303.65 480.0
32400 306.35 627.0
36000 308.15 751.0
39600 309.35 836.0
43200 310.25 867.0
46800 310.95 844.0
50400 311.35 770.0
54000 311.25 637.0
57600 310.95 479.0
61200 310.45 347.0
64800 309.85 254.0
68400 309.05 125.0
72000 307.35 24.0
75600 306.35 0.0
79200 305.45 0.0
82800 304.85 0.0
86400 302.95 0.0
90000 299.25 0.0
93600 298.35 0.0
97200 297.25 0.0
100800 295.55 0.0
104400 295.05 40.0
108000 295.95 161.0
111600 297.85 316.0
115200 300.35 477.0
118800 302.85 626.0
122400 304.65 747.0
126000 306.15 829.0
129600 307.35 870.0
133200 304.15 859.0
136800 300.85 456.0
140400 300.25 238.0
144000 300.65 580.0
147600 299.15 426.0
151200 297.15 271.0
154800 295.35 120.0
158400 294.15 19.0
162000 293.65 0.0
165600 292.85 0.0
169200 292.25 0.0
172800 291.75 0.0
176400 291.45 0.0
180000 290.75 0.0
183600 290.25 0.0
187200 289.65 0.0
190800 289.65 39.0
194400 290.35 163.0
198000 291.55 322.0
201600 293.05 483.0
205200 294.65 644.0
208800 296.05 777.0
212400 297.15 866.0
216000 297.95 909.0
219600 298.65 900.0
223200 299.05 848.0
226800 299.05 752.0
230400 298.85 620.0
234000 298.35 463.0
237600 297.65 296.0
241200 296.55 139.0
244800 295.45 25.0
248400 294.55 0.0
252000 293.75 0.0
255600 292.65 0.0
259200 291.35 0.0
262800 289.65 0.0
266400 288.95 0.0
270000 288.25 0.0
273600 287.75 0.0
277200 287.95 40.0
280800 288.85 166.0
284400 290.35 328.0
288000 292.55 496.0
291600 294.65 651.0
295200 296.35 777.0
298800 297.75 865.0
302400 298.75 908.0
306000 299.85 902.0
309600 300.45 849.0
313200 300.65 753.0
316800 300.75 620.0
320400 300.45 462.0
324000 299.75 293.0
327600 298.85 134.0
331200 297.45 25.0
334800 296.55 0.0
338400 295.45 0.0
342000 294.45 0.0
345600 292.65 0.0
349200 290.35 0.0
352800 289.45 0.0
356400 288.95 0.0
360000 288.45 0.0
363600 288.75 38.0
367200 289.85 137.0
370800 291.65 289.0
374400 294.05 461.0
378000 296.15 556.0
381600 298.05 777.0
385200 299.25 781.0
388800 300.45 876.0
392400 300.15 689.0
396000 300.85 801.0
399600 300.65 699.0
403200 299.75 487.0
406800 298.85 303.0
410400 297.35 69.0
414000 296.85 76.0
417600 295.35 22.0
421200 294.75 0.0
424800 294.25 0.0
428400 293.85 0.0
432000 290.75 0.0
435600 289.75 0.0
439200 289.05 0.0
442800 288.75 0.0
446400 288.25 0.0
450000 288.25 6.0
453600 288.15 22.0
457200 288.25 54.0
460800 288.15 75.0
464400 288.55 77.0
468000 290.15 278.0
471600 291.15 321.0
475200 292.05 409.0
478800 290.95 261.0
482400 291.25 215.0
486000 291.15 135.0
489600 292.05 240.0
493200 291.35 89.0
496800 291.75 94.0
500400 291.25 92.0
504000 290.65 17.0
507600 290.15 0.0
511200 289.65 0.0
514800 289.35 0.0
518400 289.35 0.0
522000 289.15 0.0
525600 288.75 0.0
529200 288.45 0.0
532800 288.35 0.0
536400 288.45 18.0
540000 288.65 58.0
543600 288.65 67.0
547200 288.85 127.0
550800 287.85 110.0
554400 287.75 54.0
558000 288.65 138.0
561600 290.25 371.0
565200 289.15 174.0
568800 291.05 356.0
572400 289.95 464.0
576000 290.95 274.0
579600 291.35 406.0
583200 290.85 159.0
586800 290.15 115.0
590400 289.25 15.0
594000 288.35 0.0
597600 287.65 0.0
601200 286.95 0.0
604800 286.55 0.0
608400 286.25 0.0
612000 286.15 0.0
615600 286.65 0.0
619200 286.55 0.0
622800 286.55 31.0
626400 286.35 109.0
630000 287.45 201.0
633600 288.65 379.0
637200 289.65 590.0
640800 290.55 634.0
644400 291.85 763.0
648000 292.55 735.0
651600 293.25 693.0
655200 293.45 597.0
658800 293.55 555.0
662400 293.35 454.0
666000 293.15 361.0
669600 292.65 258.0
673200 291.55 117.0
676800 290.05 22.0
680400 289.05 0.0
684000 287.95 0.0
687600 287.35 0.0
691200 286.65 0.0
694800 285.95 0.0
698400 285.45 0.0
702000 285.05 0.0
705600 284.45 0.0
709200 284.85 34.0
712800 286.05 157.0
716400 288.05 317.0
720000 290.35 482.0
723600 292.15 635.0
727200 293.35 761.0
730800 294.25 850.0
734400 295.15 891.0
738000 296.75 816.0
741600 296.85 773.0
745200 296.95 658.0
748800 296.75 540.0
752400 296.55 411.0
756000 296.25 249.0
759600 294.85 124.0
763200 292.95 22.0
766800 292.45 0.0
770400 291.15 0.0
774000 290.15 0.0
777600 289.45 0.0
781200 288.75 0.0
784800 288.05 0.0
788400 287.45 0.0
792000 286.85 0.0
795600 287.35 32.0
799200 288.65 152.0
802800 290.55 310.0
806400 292.75 475.0
810000 294.75 628.0
813600 296.15 753.0
817200 297.15 840.0
820800 298.05 882.0
824400 299.45 752.0
828000 299.05 432.0
831600 299.95 675.0
835200 299.35 365.0
838800 299.05 272.0
842400 298.45 213.0
846000 297.15 120.0
849600 295.55 20.0
853200 295.05 0.0
856800 294.45 0.0
860400 293.35 0.0
864000 292.35 0.0
867600 292.45 0.0
871200 291.75 0.0
874800 290.95 0.0
878400 290.35 0.0
882000 290.45 30.0
885600 291.65 146.0
889200 293.35 301.0
892800 295.55 464.0
896400 297.75 615.0
900000 299.15 739.0
903600 300.05 826.0
907200 300.85 870.0
910800 301.95 863.0
914400 302.25 812.0
918000 302.25 722.0
921600 302.05 591.0
925200 301.85 434.0
928800 301.05 273.0
932400 299.85 126.0
936000 298.45 20.0
939600 297.25 0.0
943200 296.05 0.0
946800 295.05 0.0
950400 294.15 0.0
954000 292.55 0.0
957600 291.75 0.0
961200 291.05 0.0
964800 290.55 0.0
968400 290.75 29.0
972000 291.85 144.0
975600 293.75 298.0
979200 295.75 461.0
982800 297.55 612.0
986400 299.15 737.0
990000 300.45 759.0
993600 301.05 676.0
997200 299.95 404.0
1000800 300.85 512.0
1004400 300.75 391.0
1008000 301.25 476.0
1011600 300.85 384.0
1015200 300.45 251.0
1018800 299.45 119.0
1022400 297.85 19.0
1026000 296.85 0.0
1029600 295.75 0.0
1033200 294.65 0.0
1036800 293.75 0.0
1040400 292.35 0.0
1044000 291.45 0.0
1047600 290.75 0.0
1051200 290.05 0.0
1054800 290.15 29.0
1058400 291.45 146.0
1062000 293.55 303.0
1065600 296.05 467.0
1069200 298.35 619.0
1072800 300.05 745.0
1076400 301.45 833.0
1080000 302.65 876.0
1083600 304.35 869.0
1087200 305.15 633.0
1090800 305.35 582.0
1094400 304.75 399.0
1098000 304.55 319.0
1101600 303.55 211.0
1105200 302.45 73.0
1108800 300.75 15.0
1112400 299.15 0.0
1116000 297.65 0.0
1119600 293.75 0.0
1123200 293.35 0.0
1126800 292.85 0.0
1130400 292.85 0.0
1134000 291.75 0.0
1137600 291.85 0.0
1141200 291.85 23.0
1144800 292.35 119.0
1148400 293.35 216.0
1152000 294.95 431.0
1155600 296.05 549.0
1159200 296.95 672.0
1162800 298.15 749.0
1166400 298.65 722.0
1170000 299.05 571.0
1173600 299.75 605.0
1177200 301.05 621.0
1180800 300.95 559.0
1184400 301.15 397.0
1188000 299.55 131.0
1191600 298.65 91.0
1195200 294.35 14.0
1198800 294.25 0.0
1202400 293.75 0.0
1206000 293.15 0.0
1209600 291.75 0.0
1213200 291.45 0.0
1216800 290.95 0.0
1220400 290.45 0.0
1224000 290.55 0.0
1227600 290.35 20.0
1231200 290.75 100.0
1234800 291.25 170.0
1238400 292.65 449.0
1242000 294.35 606.0
1245600 295.35 630.0
1249200 295.45 445.0
1252800 296.45 521.0
1256400 297.85 674.0
1260000 297.35 452.0
1263600 297.45 253.0
1267200 298.05 261.0
1270800 297.35 178.0
1274400 297.35 132.0
1278000 296.75 104.0
1281600 295.35 13.0
1285200 294.85 0.0
1288800 294.85 0.0
1292400 294.35 0.0
1296000 293.45 0.0
1299600 293.25 0.0
1303200 292.95 0.0
1306800 292.35 0.0
1310400 292.25 0.0
1314000 292.05 14.0
1317600 292.15 57.0
1321200 292.35 99.0
1324800 292.25 121.0
1328400 292.75 150.0
1332000 293.45 159.0
1335600 295.05 312.0
1339200 295.35 187.0
1342800 295.15 218.0
1346400 295.55 149.0
1350000 295.15 115.0
1353600 294.75 120.0
1357200 294.55 147.0
1360800 294.85 154.0
1364400 293.75 46.0
1368000 293.05 12.0
1371600 292.85 0.0
1375200 292.45 0.0
1378800 291.75 0.0
1382400 291.65 0.0
1386000 291.25 0.0
1389600 290.25 0.0
1393200 289.65 0.0
1396800 289.25 0.0
1400400 289.65 23.0
1404000 290.75 130.0
1407600 292.05 249.0
1411200 293.75 440.0
1414800 295.25 533.0
1418400 296.55 534.0
1422000 297.85 592.0
1425600 297.95 431.0
1429200 297.55 549.0
1432800 297.95 515.0
1436400 298.55 517.0
1440000 298.65 396.0
1443600 298.45 319.0
1447200 298.05 213.0
1450800 297.25 109.0
1454400 295.95 15.0
1458000 294.95 0.0
1461600 294.05 0.0
1465200 293.25 0.0
1468800 293.05 0.0
1472400 292.55 0.0
1476000 291.95 0.0
1479600 291.45 0.0
1483200 291.25 0.0
1486800 291.45 12.0
1490400 292.15 56.0
1494000 294.55 254.0
1497600 297.15 441.0
1501200 299.65 599.0
1504800 301.15 729.0
1508400 302.25 818.0
1512000 303.05 863.0
1515600 303.95 842.0
1519200 304.45 769.0
1522800 304.65 619.0
1526400 304.25 516.0
1530000 303.55 346.0
1533600 302.85 234.0
1537200 301.75 106.0
1540800 299.95 14.0
1544400 298.75 0.0
1548000 297.55 0.0
1551600 296.75 0.0
1555200 296.25 0.0
1558800 296.15 0.0
1562400 295.55 0.0
1566000 295.15 0.0
1569600 295.05 0.0
1573200 294.45 16.0
1576800 293.95 69.0
1580400 294.75 204.0
1584000 297.05 425.0
1587600 296.85 417.0
1591200 296.15 221.0
1594800 298.65 595.0
1598400 299.65 599.0
1602000 297.65 384.0
1605600 299.15 697.0
1609200 299.75 651.0
1612800 299.65 546.0
1616400 299.25 368.0
1620000 298.45 215.0
1623600 297.75 75.0
1627200 296.85 9.0
1630800 295.75 0.0
1634400 294.75 0.0
1638000 294.15 0.0
1641600 294.05 0.0
1645200 292.75 0.0
1648800 292.05 0.0
1652400 291.45 0.0
1656000 291.15 0.0
1659600 291.05 11.0
1663200 291.65 107.0
1666800 291.55 110.0
1670400 291.45 127.0
1674000 290.25 41.0
1677600 290.45 61.0
1681200 291.15 135.0
1684800 292.25 234.0
1688400 291.55 227.0
1692000 295.85 662.0
1695600 296.65 656.0
1699200 296.15 514.0
1702800 295.55 401.0
1706400 294.85 213.0
1710000 293.85 102.0
1713600 292.75 13.0
1717200 291.95 0.0
1720800 291.45 0.0
1724400 291.15 0.0
1728000 290.75 0.0
1731600 290.75 0.0
1735200 290.45 0.0
1738800 290.05 0.0
1742400 289.85 0.0
1746000 289.65 10.0
1749600 289.05 60.0
1753200 289.85 102.0
1756800 290.15 156.0
1760400 290.95 219.0
1764000 290.25 340.0
1767600 293.15 626.0
1771200 290.65 276.0
1774800 291.65 252.0
1778400 292.15 225.0
1782000 292.25 346.0
1785600 293.55 395.0
1789200 293.85 389.0
1792800 293.25 224.0
1796400 292.45 88.0
1800000 291.85 7.0
1803600 291.55 0.0
1807200 291.15 0.0
1810800 290.55 0.0
1814400 290.25 0.0
1818000 289.75 0.0
1821600 289.45 0.0
1825200 289.25 0.0
1828800 288.95 0.0
1832400 288.95 16.0
1836000 289.65 111.0
1839600 290.75 250.0
1843200 291.95 399.0
1846800 292.75 429.0
1850400 293.25 470.0
1854000 294.15 610.0
1857600 294.15 450.0
1861200 294.35 587.0
1864800 294.45 529.0
1868400 295.15 513.0
1872000 294.95 409.0
1875600 294.75 279.0
1879200 293.95 173.0
1882800 293.05 83.0
1886400 291.85 9.0
1890000 291.25 0.0
1893600 290.85 0.0
1897200 290.25 0.0
1900800 290.05 0.0
1904400 290.65 0.0
1908000 290.35 0.0
1911600 290.05 0.0
1915200 289.55 0.0
1918800 289.35 13.0
1922400 290.35 101.0
1926000 291.85 273.0
1929600 293.05 420.0
1933200 294.05 585.0
1936800 294.55 537.0
1940400 292.05 159.0
1944000 292.05 312.0
1947600 292.55 312.0
1951200 293.85 605.0
1954800 293.65 477.0
1958400 292.75 325.0
1962000 291.35 330.0
1965600 290.55 110.0
1969200 290.25 31.0
1972800 289.45 8.0
1976400 289.45 0.0
1980000 287.95 0.0
1983600 288.15 0.0
1987200 288.05 0.0
1990800 288.45 0.0
1994400 288.05 0.0
1998000 288.05 0.0
2001600 287.85 0.0
2005200 287.65 10.0
2008800 288.35 59.0
2012400 289.15 146.0
2016000 290.35 180.0
2019600 291.15 214.0
2023200 291.65 224.0
2026800 291.85 210.0
2030400 292.45 195.0
2034000 293.15 583.0
2037600 294.85 676.0
2041200 292.65 288.0
2044800 292.35 437.0
2048400 293.05 337.0
2052000 291.55 226.0
2055600 291.05 48.0
2059200 290.25 8.0
2062800 290.15 0.0
2066400 289.85 0.0
2070000 289.55 0.0
2073600 289.25 0.0
2077200 288.85 0.0
2080800 288.55 0.0
2084400 287.95 0.0
2088000 287.55 0.0
2091600 288.35 13.0
2095200 289.55 115.0
2098800 290.75 239.0
2102400 292.25 362.0
2106000 293.75 511.0
2109600 295.05 667.0
2113200 295.95 734.0
2116800 296.75 801.0
2120400 296.75 757.0
2124000 297.05 718.0
2127600 297.25 619.0
2131200 297.15 532.0
2134800 296.95 377.0
2138400 296.35 237.0
2142000 295.15 95.0
2145600 293.95 8.0
2149200 293.15 0.0
2152800 292.35 0.0
2156400 291.85 0.0
2160000 291.35 0.0
2163600 291.35 0.0
2167200 290.75 0.0
2170800 290.15 0.0
2174400 289.55 0.0
2178000 289.35 13.0
2181600 289.95 111.0
2185200 291.05 263.0
2188800 292.65 427.0
2192400 294.05 578.0
2196000 295.35 707.0
2199600 296.25 682.0
2203200 297.15 732.0
2206800 298.05 748.0
2210400 298.15 604.0
2214000 298.25 600.0
2217600 298.25 560.0
2221200 297.35 375.0
2224800 295.25 173.0
2228400 293.75 77.0
2232000 292.65 8.0
2235600 292.05 0.0
2239200 291.45 0.0
2242800 291.05 0.0
2246400 290.85 0.0
2250000 291.25 0.0
2253600 290.55 0.0
2257200 290.45 0.0
2260800 289.65 0.0
2264400 289.75 3.0
2268000 290.15 16.0
2271600 290.75 103.0
2275200 291.95 407.0
2278800 292.65 449.0
2282400 293.05 507.0
2286000 292.05 225.0
2289600 293.15 463.0
2293200 293.55 334.0
2296800 295.05 738.0
2300400 294.95 567.0
2304000 290.95 286.0
2307600 290.75 124.0
2311200 290.25 51.0
2314800 290.25 19.0
2318400 290.45 2.0
2322000 290.25 0.0
2325600 289.85 0.0
2329200 289.45 0.0
2332800 288.95 0.0
2336400 289.15 0.0
2340000 288.65 0.0
2343600 287.75 0.0
2347200 287.25 0.0
2350800 287.15 12.0
2354400 288.05 106.0
2358000 289.35 262.0
2361600 290.85 424.0
2365200 292.15 574.0
2368800 292.75 558.0
2372400 293.45 653.0
2376000 294.05 653.0
2379600 294.15 638.0
2383200 295.05 702.0
2386800 295.05 554.0
2390400 294.85 462.0
2394000 294.55 348.0
2397600 293.95 204.0
2401200 292.65 86.0
2404800 291.35 7.0
2408400 290.65 0.0
2412000 289.85 0.0
2415600 289.05 0.0
2419200 288.35 0.0
2422800 287.75 0.0
2426400 287.15 0.0
2430000 286.65 0.0
2433600 286.25 0.0
2437200 286.65 11.0
2440800 287.85 109.0
2444400 289.55 262.0
2448000 291.35 428.0
2451600 292.95 583.0
2455200 294.15 638.0
2458800 295.05 640.0
2462400 295.75 590.0
2466000 294.95 572.0
2469600 293.55 382.0
2473200 293.25 376.0
2476800 292.95 214.0
2480400 293.05 160.0
2484000 293.35 195.0
2487600 292.45 77.0
2491200 291.35 5.0
2494800 290.65 0.0
2498400 289.75 0.0
2502000 289.25 0.0
2505600 288.95 0.0
2509200 289.85 0.0
2512800 289.35 0.0
2516400 289.45 0.0
2520000 289.25 0.0
2523600 289.35 7.0
2527200 290.05 80.0
2530800 291.45 197.0
2534400 292.85 356.0
2538000 293.65 442.0
2541600 294.35 510.0
2545200 291.75 196.0
2548800 294.35 570.0
2552400 293.95 624.0
2556000 294.95 626.0
2559600 295.75 485.0
2563200 296.15 438.0
2566800 295.45 341.0
2570400 294.45 175.0
2574000 293.45 71.0
2577600 292.55 5.0
2581200 291.95 0.0
2584800 291.25 0.0
2588400 290.65 0.0
2592000 289.95 0.0
2595600 289.95 0.0
2599200 289.35 0.0
2602800 288.95 0.0
2606400 288.55 0.0
2610000 288.45 9.0
2613600 289.35 102.0
2617200 290.75 253.0
2620800 292.55 416.0
2624400 294.25 568.0
2628000 295.85 697.0
2631600 296.85 714.0
2635200 297.85 723.0
2638800 297.45 400.0
2642400 297.65 442.0
2646000 298.05 530.0
2649600 297.35 382.0
2653200 296.95 293.0
2656800 295.05 150.0
2660400 293.25 22.0
2664000 292.65 2.0
2667600 292.15 0.0
2671200 291.55 0.0
2674800 290.95 0.0
2678400 290.45 0.0
2682000 291.05 0.0
2685600 290.45 0.0
2689200 290.15 0.0
2692800 289.85 0.0
2696400 289.45 7.0
2700000 290.25 50.0
2703600 291.25 110.0
2707200 292.35 263.0
2710800 293.65 430.0
2714400 294.55 468.0
2718000 295.55 612.0
2721600 295.75 511.0
2725200 295.85 723.0
2728800 295.85 572.0
2732400 295.75 586.0
2736000 295.45 468.0
2739600 294.55 328.0
2743200 293.45 171.0
2746800 292.05 76.0
2750400 290.55 4.0
2754000 289.65 0.0
2757600 288.75 0.0
2761200 288.35 0.0
2764800 288.15 0.0
2768400 287.35 0.0
2772000 286.95 0.0
2775600 286.65 0.0
2779200 286.45 0.0
2782800 286.45 8.0
2786400 287.35 97.0
2790000 288.75 246.0
2793600 290.25 412.0
2797200 291.65 549.0
2800800 292.95 668.0
2804400 294.05 711.0
2808000 294.05 578.0
2811600 295.05 567.0
2815200 294.05 268.0
2818800 294.65 344.0
2822400 294.65 330.0
2826000 294.25 199.0
2829600 293.55 167.0
2833200 292.15 54.0
2836800 290.55 4.0
2840400 289.65 0.0
2844000 289.05 0.0
2847600 288.35 0.0
2851200 287.65 0.0
2854800 287.05 0.0
2858400 286.85 0.0
2862000 286.65 0.0
2865600 286.45 0.0
2869200 286.25 5.0
2872800 286.85 86.0
2876400 288.75 241.0
2880000 291.05 413.0
2883600 292.75 576.0
2887200 294.25 704.0
2890800 295.15 722.0
2894400 296.35 824.0
2898000 297.05 791.0
2901600 297.35 715.0
2905200 298.65 666.0
2908800 298.45 487.0
2912400 298.05 290.0
2916000 297.25 162.0
2919600 296.85 73.0
2923200 294.65 3.0
2926800 293.35 0.0
2930400 292.95 0.0
2934000 292.55 0.0
2937600 292.35 0.0
2941200 292.85 0.0
2944800 292.35 0.0
2948400 291.95 0.0
2952000 291.45 0.0
2955600 291.25 5.0
2959200 291.75 69.0
2962800 292.55 131.0
2966400 293.45 217.0
2970000 294.15 212.0
2973600 295.25 321.0
2977200 296.35 378.0
2980800 296.95 305.0
2984400 299.75 504.0
2988000 300.95 513.0
2991600 302.15 608.0
2995200 302.05 448.0
2998800 301.55 338.0
3002400 301.25 159.0
3006000 300.15 71.0
3009600 298.75 3.0
3013200 297.85 0.0
3016800 296.45 0.0
3020400 294.55 0.0
3024000 293.45 0.0
3027600 293.85 0.0
3031200 293.05 0.0
3034800 292.55 0.0
3038400 292.35 0.0
3042000 291.15 1.0
3045600 290.55 7.0
3049200 290.65 76.0
3052800 292.55 421.0
3056400 293.75 575.0
3060000 294.65 705.0
3063600 295.45 799.0
3067200 295.95 849.0
3070800 295.85 782.0
3074400 296.25 744.0
3078000 296.75 691.0
3081600 296.25 557.0
3085200 295.35 396.0
3088800 294.45 226.0
3092400 293.05 75.0
3096000 291.55 2.0
3099600 290.75 0.0
3103200 290.05 0.0
3106800 289.45 0.0
3110400 288.75 0.0
3114000 287.05 0.0
3117600 286.45 0.0
3121200 286.15 0.0
3124800 285.95 0.0
3128400 286.05 4.0
3132000 286.65 64.0
3135600 288.05 163.0
3139200 289.65 269.0
3142800 291.55 409.0
3146400 293.45 646.0
3150000 294.75 755.0
3153600 295.85 811.0
3157200 296.25 807.0
3160800 297.05 791.0
3164400 297.55 692.0
3168000 297.65 555.0
3171600 297.35 393.0
3175200 296.45 197.0
3178800 295.25 49.0
3182400 293.65 2.0
3186000 292.65 0.0
3189600 291.85 0.0
3193200 291.25 0.0
3196800 291.05 0.0
3200400 289.35 0.0
3204000 288.35 0.0
3207600 287.55 0.0
3211200 287.35 0.0
3214800 286.95 4.0
3218400 288.05 87.0
3222000 290.45 239.0
3225600 293.35 408.0
3229200 295.75 543.0
3232800 297.25 626.0
3236400 298.75 774.0
3240000 299.95 827.0
3243600 301.35 787.0
3247200 302.25 766.0
3250800 302.55 677.0
3254400 302.45 542.0
3258000 302.15 382.0
3261600 301.45 216.0
3265200 300.15 69.0
3268800 298.65 2.0
3272400 297.55 0.0
3276000 296.45 0.0
3279600 295.45 0.0
3283200 294.25 0.0
3286800 292.45 0.0
3290400 291.65 0.0
3294000 290.85 0.0
3297600 289.75 0.0
3301200 289.25 4.0
3304800 290.25 83.0
3308400 292.35 233.0
3312000 294.15 398.0
3315600 296.05 552.0
3319200 297.85 682.0
3322800 299.55 768.0
3326400 300.45 822.0
3330000 302.25 701.0
3333600 301.75 553.0
3337200 300.85 619.0
3340800 301.25 493.0
3344400 301.15 344.0
3348000 300.05 200.0
3351600 298.75 63.0
3355200 298.05 1.0
3358800 296.65 0.0
3362400 294.15 0.0
3366000 293.05 0.0
3369600 292.45 0.0
3373200 291.45 0.0
3376800 290.95 0.0
3380400 290.65 0.0
3384000 290.35 0.0
3387600 290.25 3.0
3391200 290.65 53.0
3394800 292.15 211.0
3398400 293.95 387.0
3402000 295.85 542.0
3405600 297.55 671.0
3409200 298.95 763.0
3412800 300.05 810.0
3416400 300.75 803.0
3420000 301.05 750.0
3423600 301.35 652.0
3427200 301.25 520.0
3430800 300.85 358.0
3434400 299.75 202.0
3438000 297.45 61.0
3441600 295.65 1.0
3445200 293.75 0.0
3448800 292.55 0.0
3452400 291.45 0.0
3456000 290.45 0.0
3459600 289.15 0.0
3463200 288.35 0.0
3466800 287.75 0.0
3470400 287.25 0.0
3474000 286.95 3.0
3477600 287.75 82.0
3481200 289.35 236.0
3484800 291.55 406.0
3488400 293.85 565.0
3492000 295.95 696.0
3495600 297.85 788.0
3499200 299.45 832.0
3502800 300.45 825.0
3506400 301.25 770.0
3510000 301.65 670.0
3513600 301.65 534.0
3517200 301.25 375.0
3520800 300.15 207.0
3524400 298.65 61.0
3528000 297.45 1.0
3531600 296.25 0.0
3535200 295.15 0.0
3538800 294.15 0.0
3542400 293.25 0.0
3546000 291.45 0.0
3549600 290.65 0.0
3553200 289.95 0.0
3556800 289.45 0.0
3560400 289.05 2.0
3564000 290.15 78.0
3567600 292.35 231.0
3571200 294.95 399.0
3574800 297.75 558.0
3578400 300.45 690.0
3582000 302.55 783.0
3585600 303.95 829.0
3589200 304.95 825.0
3592800 305.45 770.0
3596400 305.55 669.0
3600000 305.25 532.0
3603600 304.65 368.0
3607200 303.65 199.0
3610800 302.15 57.0
3614400 300.45 0.0
3618000 299.15 0.0
3621600 298.05 0.0
3625200 296.95 0.0
3628800 296.25 0.0
3632400 294.85 0.0
3636000 294.25 0.0
3639600 293.65 0.0
3643200 293.15 0.0
3646800 292.95 2.0
3650400 293.85 73.0
3654000 295.75 221.0
3657600 298.15 387.0
3661200 300.55 546.0
3664800 302.95 676.0
3668400 305.35 767.0
3672000 306.95 813.0
3675600 307.95 811.0
3679200 308.05 759.0
3682800 308.15 659.0
3686400 308.15 522.0
3690000 307.55 362.0
3693600 306.55 196.0
3697200 304.75 54.0
3700800 303.35 0.0
3704400 302.05 0.0
3708000 300.55 0.0
3711600 299.45 0.0
3715200 298.75 0.0
3718800 295.95 0.0
3722400 294.85 0.0
3726000 294.25 0.0
3729600 293.45 0.0
3733200 293.05 2.0
3736800 293.75 61.0
3740400 295.85 198.0
3744000 298.65 346.0
3747600 301.15 425.0
3751200 303.55 513.0
3754800 305.95 637.0
3758400 307.75 691.0
3762000 308.75 684.0
3765600 308.45 407.0
3769200 308.75 425.0
3772800 308.35 416.0
3776400 305.95 157.0
3780000 305.15 100.0
3783600 303.55 27.0
3787200 302.35 0.0
3790800 301.75 0.0
3794400 301.05 0.0
3798000 300.05 0.0
3801600 298.95 0.0
3805200 294.85 0.0
3808800 294.35 0.0
3812400 294.05 0.0
3816000 293.45 0.0
3819600 293.05 1.0
3823200 293.65 63.0
3826800 295.15 199.0
3830400 297.35 368.0
3834000 299.55 527.0
3837600 301.55 654.0
3841200 303.25 742.0
3844800 304.55 787.0
3848400 304.25 699.0
3852000 305.25 717.0
3855600 305.35 633.0
3859200 304.55 477.0
3862800 303.65 308.0
3866400 302.65 176.0
3870000 301.05 45.0
3873600 300.05 0.0
3877200 298.85 0.0
3880800 296.75 0.0
3884400 295.45 0.0
3888000 294.55 0.0
3891600 293.05 0.0
3895200 292.35 0.0
3898800 291.75 0.0
3902400 291.15 0.0
3906000 290.75 1.0
3909600 291.15 63.0
3913200 292.55 205.0
3916800 294.55 367.0
3920400 297.05 521.0
3924000 299.35 650.0
3927600 301.35 741.0
3931200 302.85 787.0
3934800 303.75 780.0
3938400 304.55 728.0
3942000 304.95 635.0
3945600 304.65 504.0
3949200 303.65 349.0
3952800 302.25 184.0
3956400 300.75 46.0
3960000 299.55 0.0
3963600 298.65 0.0
3967200 297.45 0.0
3970800 296.45 0.0
3974400 295.35 0.0
3978000 294.05 0.0
3981600 293.45 0.0
3985200 292.95 0.0
3988800 292.45 0.0
3992400 291.95 1.0
3996000 292.25 63.0
3999600 293.35 208.0
4003200 295.05 373.0
4006800 296.85 528.0
4010400 298.45 653.0
4014000 299.75 741.0
4017600 300.95 789.0
4021200 300.35 706.0
4024800 301.05 710.0
4028400 301.15 611.0
4032000 301.15 489.0
4035600 300.45 335.0
4039200 299.45 176.0
4042800 297.95 42.0
4046400 296.35 0.0
4050000 295.05 0.0
4053600 294.05 0.0
4057200 293.35 0.0
4060800 292.65 0.0
4064400 291.05 0.0
4068000 290.45 0.0
4071600 289.95 0.0
4075200 289.35 0.0
4078800 288.85 1.0
4082400 289.25 61.0
4086000 290.55 208.0
4089600 292.35 374.0
4093200 294.05 530.0
4096800 295.75 659.0
4100400 297.15 751.0
4104000 298.35 797.0
4107600 298.75 790.0
4111200 299.45 738.0
4114800 299.85 639.0
4118400 299.85 503.0
4122000 299.35 342.0
4125600 298.45 176.0
4129200 296.95 40.0
4132800 295.75 0.0
4136400 294.85 0.0
4140000 294.05 0.0
4143600 293.35 0.0
4147200 292.45 0.0
4150800 290.95 0.0
4154400 290.25 0.0
4158000 289.65 0.0
4161600 289.15 0.0
4165200 288.75 0.0
4168800 289.25 58.0
4172400 290.65 202.0
4176000 292.65 367.0
4179600 294.95 525.0
4183200 297.15 657.0
4186800 298.85 748.0
4190400 300.15 792.0
4194000 301.15 785.0
4197600 301.75 729.0
4201200 302.05 629.0
4204800 301.75 493.0
4208400 300.95 333.0
4212000 300.05 167.0
4215600 298.75 32.0
4219200 297.45 0.0
4222800 296.55 0.0
4226400 295.75 0.0
4230000 294.85 0.0
4233600 294.05 0.0
4237200 293.15 0.0
4240800 292.35 0.0
4244400 291.35 0.0
4248000 290.65 0.0
4251600 289.95 0.0
4255200 290.45 52.0
4258800 292.15 190.0
4262400 294.25 323.0
4266000 295.85 365.0
4269600 298.25 568.0
4273200 299.75 599.0
4276800 300.25 480.0
4280400 302.75 682.0
4284000 300.75 339.0
4287600 299.25 201.0
4291200 298.35 145.0
4294800 297.85 111.0
4298400 297.35 29.0
4302000 296.85 6.0
4305600 296.35 0.0
4309200 296.15 0.0
4312800 295.85 0.0
4316400 295.45 0.0
4320000 294.95 0.0
4323600 292.35 0.0
4327200 292.35 0.0
4330800 292.15 0.0
4334400 291.95 0.0
4338000 291.45 0.0
4341600 292.05 29.0
4345200 292.75 115.0
4348800 293.15 169.0
4352400 292.65 138.0
4356000 293.65 153.0
4359600 294.95 338.0
4363200 296.85 656.0
4366800 292.25 112.0
4370400 292.25 155.0
4374000 292.55 164.0
4377600 292.25 123.0
4381200 291.85 98.0
4384800 291.75 43.0
4388400 291.75 8.0
4392000 291.55 0.0
4395600 291.05 0.0
4399200 290.45 0.0
4402800 289.85 0.0
4406400 289.45 0.0
4410000 288.65 0.0
4413600 288.55 0.0
4417200 288.45 0.0
4420800 288.45 0.0
4424400 288.35 0.0
4428000 288.45 34.0
4431600 289.35 163.0
4435200 290.55 276.0
4438800 291.45 352.0
4442400 293.15 520.0
4446000 294.65 593.0
4449600 296.15 779.0
4453200 296.25 610.0
4456800 296.15 533.0
4460400 296.65 567.0
4464000 296.45 430.0
4467600 295.05 251.0
4471200 294.25 99.0
4474800 292.85 24.0
4478400 291.95 0.0
4482000 290.85 0.0
4485600 289.85 0.0
4489200 289.25 0.0
4492800 288.45 0.0
4496400 287.35 0.0
4500000 286.75 0.0
4503600 286.15 0.0
4507200 285.65 0.0
4510800 285.15 0.0
4514400 285.65 49.0
4518000 286.95 191.0
4521600 288.65 359.0
4525200 290.35 518.0
4528800 291.95 653.0
4532400 292.65 606.0
4536000 293.05 569.0
4539600 294.05 612.0
4543200 294.35 579.0
4546800 294.35 453.0
4550400 294.35 353.0
4554000 293.55 233.0
4557600 292.95 114.0
4561200 291.75 20.0
4564800 291.15 0.0
4568400 290.55 0.0
4572000 289.45 0.0
4575600 288.25 0.0
4579200 287.65 0.0
4582800 286.65 0.0
4586400 285.95 0.0
4590000 285.45 0.0
4593600 285.55 0.0
4597200 285.15 0.0
4600800 285.55 43.0
4604400 287.05 178.0
4608000 289.05 328.0
4611600 291.15 493.0
4615200 292.55 533.0
4618800 293.85 587.0
4622400 295.15 749.0
4626000 296.25 760.0
4629600 297.05 691.0
4633200 296.95 411.0
4636800 296.75 266.0
4640400 295.55 152.0
4644000 293.75 91.0
4647600 292.75 19.0
4651200 291.95 0.0
4654800 290.95 0.0
4658400 290.25 0.0
4662000 289.55 0.0
4665600 288.85 0.0
4669200 288.05 0.0
4672800 287.55 0.0
4676400 286.95 0.0
4680000 286.25 0.0
4683600 285.65 0.0
4687200 286.05 43.0
4690800 287.25 182.0
4694400 289.35 347.0
4698000 291.45 506.0
4701600 293.15 639.0
4705200 294.45 734.0
4708800 295.45 780.0
4712400 296.55 770.0
4716000 296.95 714.0
4719600 297.15 611.0
4723200 296.85 471.0
4726800 296.25 308.0
4730400 295.35 144.0
4734000 294.15 22.0
4737600 293.25 0.0
4741200 292.35 0.0
4744800 291.45 0.0
4748400 290.45 0.0
4752000 289.55 0.0
4755600 287.65 0.0
4759200 286.85 0.0
4762800 286.25 0.0
4766400 285.75 0.0
4770000 285.35 0.0
4773600 286.35 42.0
4777200 288.35 171.0
4780800 290.75 313.0
4784400 293.85 491.0
4788000 296.55 629.0
4791600 297.95 695.0
4795200 299.15 729.0
4798800 300.65 764.0
4802400 301.15 711.0
4806000 301.35 608.0
4809600 301.25 469.0
4813200 300.65 306.0
4816800 299.85 142.0
4820400 298.15 20.0
4824000 296.75 0.0
4827600 295.45 0.0
4831200 294.25 0.0
4834800 293.35 0.0
4838400 292.55 0.0
4842000 290.25 0.0
4845600 289.65 0.0
4849200 289.35 0.0
4852800 289.05 0.0
4856400 288.95 0.0
4860000 289.45 39.0
4863600 290.95 138.0
4867200 293.45 285.0
4870800 296.15 406.0
4874400 298.65 566.0
4878000 300.85 663.0
4881600 301.65 578.0
4885200 301.15 386.0
4888800 302.05 585.0
4892400 302.15 508.0
4896000 301.95 458.0
4899600 300.85 300.0
4903200 299.75 138.0
4906800 298.55 15.0
4910400 296.95 0.0
4914000 295.75 0.0
4917600 295.65 0.0
4921200 294.85 0.0
4924800 294.15 0.0
4928400 293.05 0.0
4932000 292.25 0.0
4935600 291.65 0.0
4939200 291.05 0.0
4942800 290.65 0.0
4946400 291.25 34.0
4950000 292.25 143.0
4953600 293.65 305.0
4957200 295.35 470.0
4960800 296.95 604.0
4964400 298.25 714.0
4968000 299.65 745.0
4971600 299.35 723.0
4975200 299.65 610.0
4978800 299.45 461.0
4982400 299.15 326.0
4986000 298.65 170.0
4989600 298.25 74.0
4993200 297.15 11.0
4996800 296.35 0.0
5000400 295.45 0.0
5004000 294.95 0.0
5007600 294.35 0.0
5011200 293.65 0.0
5014800 292.55 0.0
5018400 291.75 0.0
5022000 291.15 0.0
5025600 290.65 0.0
5029200 290.05 0.0
5032800 290.25 22.0
5036400 290.55 72.0
5040000 291.05 165.0
5043600 292.65 338.0
5047200 294.75 432.0
5050800 292.65 106.0
5054400 295.15 673.0
5058000 295.55 690.0
5061600 296.25 593.0
5065200 296.95 553.0
5068800 297.35 458.0
5072400 295.75 153.0
5076000 295.35 106.0
5079600 294.35 12.0
5083200 293.85 0.0
5086800 292.35 0.0
5090400 291.65 0.0
5094000 290.85 0.0
5097600 290.15 0.0
5101200 289.25 0.0
5104800 289.05 0.0
5108400 288.55 0.0
5112000 288.55 0.0
5115600 288.15 0.0
5119200 288.55 24.0
5122800 289.05 63.0
5126400 289.15 146.0
5130000 288.85 89.0
5133600 289.35 86.0
5137200 291.65 205.0
5140800 294.45 582.0
5144400 293.25 578.0
5148000 290.35 163.0
5151600 291.55 310.0
5155200 292.35 275.0
5158800 292.55 244.0
5162400 290.15 71.0
5166000 289.15 12.0
5169600 288.75 0.0
5173200 288.75 0.0
5176800 288.45 0.0
5180400 288.25 0.0
5184000 287.95 0.0
5187600 287.85 0.0
5191200 287.45 0.0
5194800 287.05 0.0
5198400 286.75 0.0
5202000 286.35 0.0
5205600 286.65 31.0
5209200 288.25 154.0
5212800 289.55 240.0
5216400 290.75 298.0
5220000 291.85 337.0
5223600 293.05 408.0
5227200 293.85 470.0
5230800 294.65 447.0
5234400 294.65 292.0
5238000 295.05 352.0
5241600 295.05 297.0
5245200 293.55 46.0
5248800 293.05 48.0
5252400 292.25 4.0
5256000 292.15 0.0
5259600 292.15 0.0
5263200 292.55 0.0
5266800 291.95 0.0
5270400 291.75 0.0
5274000 291.45 0.0
5277600 291.45 0.0
5281200 291.35 0.0
5284800 291.15 0.0
5288400 291.25 0.0
5292000 291.25 6.0
5295600 291.35 31.0
5299200 291.55 60.0
5302800 292.45 170.0
5306400 294.15 386.0
5310000 294.25 282.0
5313600 295.55 497.0
5317200 293.95 273.0
5320800 292.85 145.0
5324400 291.75 75.0
5328000 291.35 63.0
5331600 291.05 73.0
5335200 290.45 31.0
5338800 289.75 1.0
5342400 288.95 0.0
5346000 288.35 0.0
5349600 287.95 0.0
5353200 287.55 0.0
5356800 287.45 0.0
5360400 287.85 0.0
5364000 287.75 0.0
5367600 287.55 0.0
5371200 287.35 0.0
5374800 286.85 0.0
5378400 286.85 27.0
5382000 288.15 157.0
5385600 289.55 288.0
5389200 290.75 333.0
5392800 292.35 530.0
5396400 293.45 631.0
5400000 294.35 678.0
5403600 293.45 656.0
5407200 293.15 341.0
5410800 293.15 337.0
5414400 290.65 237.0
5418000 291.65 261.0
5421600 291.15 93.0
5425200 289.95 6.0
5428800 289.25 0.0
5432400 288.75 0.0
5436000 288.15 0.0
5439600 287.45 0.0
5443200 286.95 0.0
5446800 286.55 0.0
5450400 286.25 0.0
5454000 286.05 0.0
5457600 285.55 0.0
5461200 285.25 0.0
5464800 285.45 26.0
5468400 286.85 152.0
5472000 288.35 248.0
5475600 289.35 241.0
5479200 290.45 245.0
5482800 290.85 259.0
5486400 290.05 128.0
5490000 290.15 133.0
5493600 289.95 101.0
5497200 290.65 125.0
5500800 291.55 231.0
5504400 291.55 167.0
5508000 290.65 83.0
5511600 289.95 3.0
5515200 290.15 0.0
5518800 289.85 0.0
5522400 289.55 0.0
5526000 289.35 0.0
5529600 289.35 0.0
5533200 289.85 0.0
5536800 289.75 0.0
5540400 289.45 0.0
5544000 289.55 0.0
5547600 289.95 0.0
5551200 290.45 9.0
5554800 291.05 45.0
5558400 291.95 144.0
5562000 293.25 235.0
5565600 294.35 362.0
5569200 294.25 195.0
5572800 295.25 316.0
5576400 296.75 540.0
5580000 297.75 543.0
5583600 298.35 458.0
5587200 295.95 284.0
5590800 295.85 202.0
5594400 294.55 84.0
5598000 293.35 5.0
5601600 292.75 0.0
5605200 292.15 0.0
5608800 291.45 0.0
5612400 290.75 0.0
5616000 289.75 0.0
5619600 289.45 0.0
5623200 288.85 0.0
5626800 288.35 0.0
5630400 288.05 0.0
5634000 287.95 0.0
5637600 288.25 21.0
5641200 289.45 119.0
5644800 290.85 255.0
5648400 291.45 229.0
5652000 292.45 322.0
5655600 294.05 614.0
5659200 294.55 575.0
5662800 291.65 367.0
5666400 292.45 297.0
5670000 293.25 432.0
5673600 293.45 332.0
5677200 292.65 216.0
5680800 291.45 72.0
5684400 290.15 4.0
5688000 288.85 0.0
5691600 288.15 0.0
5695200 287.45 0.0
5698800 287.35 0.0
5702400 287.05 0.0
5706000 285.85 0.0
5709600 286.25 0.0
5713200 285.75 0.0
5716800 285.65 0.0
5720400 285.15 0.0
5724000 285.25 21.0
5727600 286.35 143.0
5731200 287.95 296.0
5734800 289.45 386.0
5738400 290.65 501.0
5742000 291.75 588.0
5745600 292.65 608.0
5749200 293.95 647.0
5752800 294.15 482.0
5756400 294.15 363.0
5760000 294.35 344.0
5763600 293.95 158.0
5767200 292.35 72.0
5770800 290.75 3.0
5774400 289.55 0.0
5778000 288.55 0.0
5781600 287.55 0.0
5785200 286.95 0.0
5788800 286.25 0.0
5792400 285.65 0.0
5796000 285.25 0.0
5799600 285.15 0.0
5803200 284.95 0.0
5806800 284.75 0.0
5810400 285.05 20.0
5814000 286.75 142.0
5817600 289.05 308.0
5821200 291.25 467.0
5824800 292.85 586.0
5828400 294.35 681.0
5832000 295.55 727.0
5835600 296.85 721.0
5839200 297.15 662.0
5842800 297.15 554.0
5846400 296.95 411.0
5850000 295.95 247.0
5853600 294.05 88.0
5857200 292.45 3.0
5860800 291.55 0.0
5864400 290.95 0.0
5868000 290.35 0.0
5871600 289.75 0.0
5875200 289.25 0.0
5878800 288.95 0.0
5882400 288.55 0.0
5886000 288.35 0.0
5889600 288.05 0.0
5893200 288.05 0.0
5896800 288.45 18.0
5900400 290.05 140.0
5904000 292.15 303.0
5907600 294.45 460.0
5911200 296.45 585.0
5914800 298.75 664.0
5918400 300.55 704.0
5922000 302.85 696.0
5925600 303.25 622.0
5929200 302.35 435.0
5932800 301.15 282.0
5936400 299.85 161.0
5940000 297.95 23.0
5943600 296.85 1.0
5947200 296.05 0.0
5950800 295.25 0.0
5954400 294.85 0.0
5958000 293.95 0.0
5961600 293.15 0.0
5965200 293.15 0.0
5968800 292.45 0.0
5972400 291.35 0.0
5976000 290.55 0.0
5979600 290.15 0.0
5983200 290.35 11.0
5986800 290.75 56.0
5990400 291.25 135.0
5994000 292.55 331.0
5997600 293.65 448.0
6001200 294.45 569.0
6004800 295.25 691.0
6008400 295.25 639.0
6012000 295.85 586.0
6015600 296.05 495.0
6019200 295.75 352.0
6022800 295.25 160.0
6026400 294.35 46.0
6030000 293.55 1.0
6033600 292.45 0.0
6037200 291.75 0.0
6040800 291.25 0.0
6044400 290.55 0.0
6048000 289.65 0.0
6051600 288.35 0.0
6055200 288.15 0.0
6058800 287.65 0.0
6062400 287.05 0.0
6066000 286.65 0.0
6069600 286.65 12.0
6073200 287.55 116.0
6076800 289.05 273.0
6080400 290.75 435.0
6084000 292.45 571.0
6087600 293.75 677.0
6091200 294.65 664.0
6094800 295.05 610.0
6098400 295.45 591.0
6102000 294.95 455.0
6105600 294.45 316.0
6109200 293.95 181.0
6112800 292.55 64.0
6116400 291.75 1.0
6120000 291.15 0.0
6123600 290.95 0.0
6127200 289.65 0.0
6130800 288.85 0.0
6134400 288.55 0.0
6138000 287.45 0.0
6141600 287.15 0.0
6145200 286.25 0.0
6148800 285.65 0.0
6152400 285.15 0.0
6156000 285.05 14.0
6159600 286.35 128.0
6163200 288.45 290.0
6166800 290.65 416.0
6170400 290.65 279.0
6174000 292.15 414.0
6177600 293.05 538.0
6181200 294.25 573.0
6184800 294.75 495.0
6188400 293.75 254.0
6192000 291.75 58.0
6195600 291.95 54.0
6199200 291.25 30.0
6202800 290.45 0.0
6206400 290.05 0.0
6210000 289.45 0.0
6213600 289.45 0.0
6217200 289.75 0.0
6220800 288.95 0.0
6224400 288.65 0.0
6228000 287.55 0.0
6231600 286.85 0.0
6235200 286.45 0.0
6238800 286.15 0.0
6242400 286.15 12.0
6246000 287.25 119.0
6249600 288.75 273.0
6253200 290.15 361.0
6256800 291.25 502.0
6260400 291.25 315.0
6264000 293.15 592.0
6267600 293.25 620.0
6271200 293.05 308.0
6274800 290.15 277.0
6278400 288.95 191.0
6282000 289.35 154.0
6285600 287.95 61.0
6289200 287.65 0.0
6292800 287.55 0.0
6296400 287.35 0.0
6300000 287.15 0.0
6303600 287.05 0.0
6307200 286.75 0.0
6310800 286.15 0.0
6314400 285.75 0.0
6318000 285.35 0.0
6321600 285.15 0.0
6325200 284.85 0.0
6328800 284.85 12.0
6332400 285.85 122.0
6336000 287.55 282.0
6339600 289.05 392.0
6343200 290.35 537.0
6346800 291.35 607.0
6350400 291.85 569.0
6354000 292.25 599.0
6357600 292.75 553.0
6361200 292.85 469.0
6364800 292.35 298.0
6368400 291.65 177.0
6372000 290.45 49.0
6375600 289.75 0.0
6379200 288.95 0.0
6382800 288.65 0.0
6386400 288.55 0.0
6390000 288.35 0.0
6393600 287.35 0.0
6397200 286.35 0.0
6400800 285.65 0.0
6404400 285.65 0.0
6408000 286.05 0.0
6411600 286.15 0.0
6415200 286.15 9.0
6418800 286.85 91.0
6422400 288.15 186.0
6426000 289.55 278.0
6429600 290.75 427.0
6433200 291.05 336.0
6436800 289.95 286.0
6440400 289.75 311.0
6444000 291.55 327.0
6447600 291.55 205.0
6451200 289.35 214.0
6454800 288.45 22.0
6458400 287.95 36.0
6462000 287.45 0.0
6465600 287.15 0.0
6469200 286.95 0.0
6472800 286.95 0.0
6476400 287.05 0.0
6480000 286.95 0.0
6483600 287.25 0.0
6487200 287.05 0.0
6490800 286.35 0.0
6494400 286.35 0.0
6498000 286.55 0.0
6501600 286.75 5.0
6505200 287.45 40.0
6508800 288.15 97.0
6512400 288.45 87.0
6516000 289.25 100.0
6519600 290.05 125.0
6523200 290.05 112.0
6526800 291.25 141.0
6530400 291.15 79.0
6534000 291.55 102.0
6537600 291.75 65.0
6541200 292.65 92.0
6544800 293.15 40.0
6548400 293.25 0.0
6552000 293.15 0.0
6555600 292.85 0.0
6559200 292.75 0.0
6562800 292.45 0.0
6566400 292.05 0.0
6570000 292.15 0.0
6573600 291.85 0.0
6577200 291.55 0.0
6580800 290.95 0.0
6584400 290.45 0.0
6588000 289.55 6.0
6591600 289.35 109.0
6595200 289.85 261.0
6598800 290.75 386.0
6602400 291.85 512.0
6606000 292.65 636.0
6609600 293.05 588.0
6613200 292.95 559.0
6616800 292.75 349.0
6620400 292.95 387.0
6624000 292.55 311.0
6627600 291.35 130.0
6631200 290.05 40.0
6634800 289.45 0.0
6638400 288.85 0.0
6642000 288.25 0.0
6645600 287.75 0.0
6649200 287.25 0.0
6652800 286.95 0.0
6656400 286.65 0.0
6660000 286.05 0.0
6663600 285.65 0.0
6667200 285.25 0.0
6670800 284.95 0.0
6674400 284.85 8.0
6678000 285.55 80.0
6681600 287.05 238.0
6685200 288.95 414.0
6688800 289.45 415.0
6692400 289.95 374.0
6696000 290.65 382.0
6699600 291.25 430.0
6703200 291.25 387.0
6706800 291.15 280.0
6710400 291.15 188.0
6714000 290.75 92.0
6717600 289.55 24.0
6721200 288.75 0.0
6724800 288.35 0.0
6728400 288.15 0.0
6732000 287.85 0.0
6735600 287.35 0.0
6739200 287.15 0.0
6742800 286.25 0.0
6746400 286.65 0.0
6750000 285.75 0.0
6753600 285.45 0.0
6757200 285.55 0.0
6760800 285.95 2.0
6764400 286.35 28.0
6768000 287.35 105.0
6771600 288.85 204.0
6775200 289.95 225.0
6778800 291.65 448.0
6782400 292.95 599.0
6786000 294.15 641.0
6789600 294.75 581.0
6793200 294.75 473.0
6796800 294.45 325.0
6800400 293.65 174.0
6804000 291.85 37.0
6807600 291.05 0.0
6811200 290.15 0.0
6814800 289.45 0.0
6818400 289.05 0.0
6822000 288.65 0.0
6825600 288.15 0.0
6829200 286.65 0.0
6832800 286.15 0.0
6836400 285.75 0.0
6840000 285.35 0.0
6843600 285.15 0.0
6847200 285.05 6.0
6850800 286.35 102.0
6854400 288.65 258.0
6858000 291.35 411.0
6861600 293.45 537.0
6865200 294.85 625.0
6868800 296.05 665.0
6872400 296.75 655.0
6876000 297.25 586.0
6879600 297.35 478.0
6883200 297.15 333.0
6886800 296.05 173.0
6890400 293.65 36.0
6894000 292.45 0.0
6897600 291.35 0.0
6901200 290.55 0.0
6904800 289.45 0.0
6908400 288.65 0.0
6912000 288.25 0.0
6915600 287.35 0.0
6919200 286.95 0.0
6922800 286.35 0.0
6926400 285.85 0.0
6930000 285.35 0.0
6933600 285.15 5.0
6937200 286.45 98.0
6940800 288.75 254.0
6944400 291.55 424.0
6948000 294.25 554.0
6951600 296.65 641.0
6955200 298.65 679.0
6958800 302.35 662.0
6962400 303.35 595.0
6966000 303.65 484.0
6969600 303.05 337.0
6973200 301.15 173.0
6976800 298.25 33.0
6980400 297.15 0.0
6984000 296.15 0.0
6987600 295.15 0.0
6991200 294.65 0.0
6994800 294.45 0.0
6998400 293.85 0.0
7002000 294.25 0.0
7005600 292.85 0.0
7009200 292.55 0.0
7012800 292.95 0.0
7016400 292.75 0.0
7020000 292.85 3.0
7023600 293.35 54.0
7027200 293.25 95.0
7030800 293.05 72.0
7034400 294.05 102.0
7038000 295.25 156.0
7041600 295.85 195.0
7045200 293.05 48.0
7048800 293.15 113.0
7052400 295.05 200.0
7056000 295.95 184.0
7059600 295.45 56.0
7063200 294.65 17.0
7066800 294.15 0.0
7070400 293.25 0.0
7074000 293.05 0.0
7077600 291.95 0.0
7081200 290.65 0.0
7084800 289.65 0.0
7088400 288.45 0.0
7092000 288.05 0.0
7095600 287.65 0.0
7099200 287.55 0.0
7102800 287.45 0.0
7106400 287.25 1.0
7110000 287.25 19.0
7113600 287.25 35.0
7117200 287.85 144.0
7120800 288.35 182.0
7124400 288.95 230.0
7128000 289.35 228.0
7131600 290.45 563.0
7135200 290.95 509.0
7138800 290.85 415.0
7142400 290.25 281.0
7146000 289.65 121.0
7149600 288.35 24.0
7153200 287.55 0.0
7156800 287.05 0.0
7160400 286.15 0.0
7164000 285.15 0.0
7167600 284.65 0.0
7171200 284.45 0.0
7174800 284.85 0.0
7178400 284.25 0.0
7182000 283.55 0.0
7185600 283.15 0.0
7189200 282.85 0.0
7192800 282.65 3.0
7196400 283.35 89.0
7200000 284.65 243.0
7203600 286.25 404.0
7207200 287.75 534.0
7210800 288.85 622.0
7214400 289.95 658.0
7218000 289.45 522.0
7221600 289.15 452.0
7225200 289.05 322.0
7228800 288.35 204.0
7232400 287.25 98.0
7236000 285.95 17.0
7239600 284.85 0.0
7243200 284.75 0.0
7246800 284.25 0.0
7250400 283.95 0.0
7254000 283.65 0.0
7257600 283.45 0.0
7261200 283.45 0.0
7264800 283.25 0.0
7268400 283.15 0.0
7272000 282.95 0.0
7275600 282.85 0.0
7279200 282.75 0.0
7282800 282.95 14.0
7286400 283.35 58.0
7290000 283.65 74.0
7293600 283.95 90.0
7297200 285.35 169.0
7300800 286.75 323.0
7304400 287.15 291.0
7308000 288.05 358.0
7311600 287.55 143.0
7315200 287.05 46.0
7318800 286.55 25.0
7322400 286.05 4.0
7326000 285.25 0.0
7329600 284.05 0.0
7333200 283.85 0.0
7336800 283.85 0.0
7340400 283.95 0.0
7344000 284.15 0.0
7347600 283.85 0.0
7351200 283.85 0.0
7354800 284.15 0.0
7358400 283.95 0.0
7362000 283.75 0.0
7365600 283.55 1.0
7369200 283.55 14.0
7372800 283.55 32.0
7376400 283.95 87.0
7380000 283.95 140.0
7383600 284.15 132.0
7387200 284.85 222.0
7390800 284.35 145.0
7394400 283.85 65.0
7398000 283.45 43.0
7401600 283.55 40.0
7405200 283.95 52.0
7408800 283.75 4.0
7412400 283.75 0.0
7416000 283.65 0.0
7419600 283.65 0.0
7423200 283.65 0.0
7426800 283.55 0.0
7430400 283.35 0.0
7434000 283.55 0.0
7437600 283.55 0.0
7441200 283.45 0.0
7444800 283.35 0.0
7448400 283.15 0.0
7452000 282.95 0.0
7455600 282.85 11.0
7459200 282.75 32.0
7462800 282.75 63.0
7466400 282.85 78.0
7470000 283.35 129.0
7473600 284.95 341.0
7477200 284.65 87.0
7480800 284.85 92.0
7484400 285.15 85.0
7488000 285.05 68.0
7491600 284.85 36.0
7495200 284.45 4.0
7498800 284.25 0.0
7502400 284.15 0.0
7506000 284.15 0.0
7509600 284.05 0.0
7513200 283.75 0.0
7516800 283.45 0.0
7520400 283.45 0.0
7524000 283.25 0.0
7527600 283.05 0.0
7531200 282.95 0.0
7534800 282.55 0.0
7538400 282.65 0.0
7542000 283.05 26.0
7545600 283.75 100.0
7549200 284.15 86.0
7552800 284.65 126.0
7556400 285.45 185.0
7560000 287.05 487.0
7563600 285.85 195.0
7567200 286.55 241.0
7570800 286.55 174.0
7574400 286.45 153.0
7578000 286.05 103.0
7581600 284.95 11.0
7585200 284.15 0.0
7588800 284.15 0.0
7592400 283.55 0.0
7596000 282.75 0.0
7599600 282.15 0.0
7603200 281.75 0.0
7606800 283.75 0.0
7610400 283.95 0.0
7614000 283.75 0.0
7617600 282.85 0.0
7621200 281.45 0.0
7624800 281.35 1.0
7628400 282.05 56.0
7632000 282.35 113.0
7635600 283.55 213.0
7639200 284.95 282.0
7642800 286.55 393.0
7646400 287.75 463.0
7650000 288.05 309.0
7653600 288.35 286.0
7657200 288.65 230.0
7660800 288.45 187.0
7664400 287.55 81.0
7668000 286.35 10.0
7671600 285.95 0.0
7675200 285.25 0.0
7678800 284.75 0.0
7682400 284.25 0.0
7686000 283.55 0.0
7689600 283.35 0.0
7693200 282.25 0.0
7696800 281.75 0.0
7700400 281.25 0.0
7704000 281.25 0.0
7707600 281.05 0.0
7711200 280.65 1.0
7714800 281.85 62.0
7718400 283.75 221.0
7722000 285.85 372.0
7725600 287.95 497.0
7729200 289.65 581.0
7732800 290.85 616.0
7736400 291.85 588.0
7740000 292.25 519.0
7743600 292.25 409.0
7747200 291.95 268.0
7750800 290.55 112.0
7754400 288.75 9.0
7758000 288.05 0.0
7761600 287.25 0.0
7765200 286.65 0.0
7768800 285.65 0.0
7772400 285.25 0.0
7776000 284.65 0.0
7779600 283.75 0.0
7783200 283.55 0.0
7786800 283.25 0.0
7790400 282.95 0.0
7794000 282.55 0.0
7797600 282.25 1.0
7801200 283.05 66.0
7804800 284.55 212.0
7808400 286.45 363.0
7812000 288.45 486.0
7815600 290.15 570.0
7819200 291.35 607.0
7822800 292.15 529.0
7826400 292.35 411.0
7830000 292.35 324.0
7833600 292.05 221.0
7837200 290.85 98.0
7840800 289.45 8.0
7844400 288.75 0.0
7848000 287.65 0.0
7851600 287.05 0.0
7855200 286.45 0.0
7858800 286.05 0.0
7862400 285.25 0.0
7866000 284.75 0.0
7869600 284.65 0.0
7873200 284.25 0.0
7876800 283.65 0.0
7880400 283.25 0.0
7884000 282.85 0.0
7887600 283.45 63.0
7891200 284.85 209.0
7894800 286.55 362.0
7898400 288.15 489.0
7902000 289.35 572.0
7905600 290.15 608.0
7909200 290.85 562.0
7912800 291.15 478.0
7916400 291.05 396.0
7920000 290.55 260.0
7923600 289.05 108.0
7927200 287.75 8.0
7930800 287.05 0.0
7934400 286.15 0.0
7938000 285.35 0.0
7941600 284.65 0.0
7945200 284.05 0.0
7948800 283.45 0.0
7952400 282.75 0.0
7956000 282.35 0.0
7959600 282.05 0.0
7963200 281.65 0.0
7966800 281.25 0.0
7970400 281.45 0.0
7974000 282.25 60.0
7977600 283.95 206.0
7981200 285.95 356.0
7984800 288.05 481.0
7988400 289.65 564.0
7992000 291.05 597.0
7995600 291.75 582.0
7999200 291.85 490.0
8002800 291.75 346.0
8006400 291.55 190.0
8010000 290.45 51.0
8013600 289.45 3.0
8017200 287.65 0.0
8020800 286.45 0.0
8024400 285.65 0.0
8028000 285.15 0.0
8031600 284.15 0.0
8035200 283.75 0.0
8038800 282.85 0.0
8042400 282.45 0.0
8046000 282.35 0.0
8049600 281.65 0.0
8053200 281.35 0.0
8056800 280.85 0.0
8060400 281.95 57.0
8064000 283.75 189.0
8067600 285.75 350.0
8071200 287.75 468.0
8074800 289.15 542.0
8078400 290.65 585.0
8082000 291.15 512.0
8085600 290.85 362.0
8089200 290.45 241.0
8092800 289.85 162.0
8096400 288.25 87.0
8100000 286.85 5.0
8103600 286.05 0.0
8107200 285.45 0.0
8110800 285.25 0.0
8114400 284.55 0.0
8118000 284.45 0.0
8121600 284.75 0.0
8125200 284.55 0.0
8128800 284.25 0.0
8132400 283.95 0.0
8136000 283.95 0.0
8139600 283.85 0.0
8143200 283.95 0.0
8146800 284.25 26.0
8150400 285.05 95.0
8154000 286.15 167.0
8157600 286.45 113.0
8161200 287.15 125.0
8164800 288.35 86.0
8168400 288.15 89.0
8172000 288.45 116.0
8175600 288.25 57.0
8179200 287.55 33.0
8182800 287.55 13.0
8186400 287.45 1.0
8190000 287.85 0.0
8193600 288.35 0.0
8197200 289.05 0.0
8200800 289.65 0.0
8204400 290.15 0.0
8208000 290.75 0.0
8211600 291.15 0.0
8215200 290.95 0.0
8218800 290.85 0.0
8222400 290.75 0.0
8226000 290.75 0.0
8229600 290.55 0.0
8233200 289.25 5.0
8236800 286.05 17.0
8240400 286.25 51.0
8244000 287.85 298.0
8247600 288.85 551.0
8251200 288.35 524.0
8254800 287.85 392.0
8258400 288.65 458.0
8262000 288.05 317.0
8265600 286.95 182.0
8269200 286.35 75.0
8272800 285.55 3.0
8276400 285.05 0.0
8280000 284.55 0.0
8283600 284.15 0.0
8287200 283.75 0.0
8290800 283.45 0.0
8294400 283.65 0.0
8298000 283.45 0.0
8301600 283.25 0.0
8305200 283.05 0.0
8308800 282.95 0.0
8312400 283.15 0.0
8316000 283.25 0.0
8319600 283.65 37.0
8323200 284.95 163.0
8326800 286.25 331.0
8330400 287.25 416.0
8334000 288.35 472.0
8337600 289.05 545.0
8341200 289.45 478.0
8344800 289.65 456.0
8348400 289.05 319.0
8352000 288.25 194.0
8355600 287.15 79.0
8359200 286.45 2.0
8362800 285.85 0.0
8366400 285.25 0.0
8370000 284.75 0.0
8373600 284.35 0.0
8377200 283.85 0.0
8380800 283.85 0.0
8384400 283.45 0.0
8388000 283.15 0.0
8391600 282.85 0.0
8395200 282.65 0.0
8398800 282.35 0.0
8402400 282.45 0.0
8406000 283.15 43.0
8409600 284.85 169.0
8413200 286.35 212.0
8416800 287.65 272.0
8420400 288.45 336.0
8424000 288.65 275.0
8427600 288.95 226.0
8431200 289.15 207.0
8434800 289.15 146.0
8438400 289.15 122.0
8442000 288.25 43.0
8445600 287.75 1.0
8449200 287.05 0.0
8452800 286.25 0.0
8456400 285.65 0.0
8460000 285.15 0.0
8463600 284.05 0.0
8467200 283.45 0.0
8470800 283.05 0.0
8474400 282.75 0.0
8478000 282.45 0.0
8481600 282.25 0.0
8485200 281.95 0.0
8488800 281.65 0.0
8492400 281.75 26.0
8496000 282.95 105.0
8499600 285.05 195.0
8503200 287.85 407.0
8506800 289.45 523.0
8510400 290.25 555.0
8514000 290.85 535.0
8517600 291.15 465.0
8521200 291.25 356.0
8524800 290.85 215.0
8528400 289.45 72.0
8532000 288.55 1.0
8535600 287.85 0.0
8539200 287.05 0.0
8542800 286.25 0.0
8546400 285.85 0.0
8550000 285.15 0.0
8553600 284.35 0.0
8557200 283.65 0.0
8560800 283.45 0.0
8564400 283.15 0.0
8568000 282.75 0.0
8571600 282.85 0.0
8575200 282.85 0.0
8578800 283.15 26.0
8582400 283.95 105.0
8586000 285.15 192.0
8589600 286.65 212.0
8593200 288.15 273.0
8596800 288.45 285.0
8600400 289.15 295.0
8604000 289.45 273.0
8607600 289.55 267.0
8611200 289.55 174.0
8614800 288.55 53.0
8618400 287.25 1.0
8622000 285.95 0.0
8625600 285.35 0.0
8629200 285.25 0.0
8632800 285.15 0.0
8636400 284.35 0.0
8640000 284.95 0.0
8643600 285.25 0.0
8647200 285.35 0.0
8650800 285.35 0.0
8654400 285.55 0.0
8658000 285.65 0.0
8661600 285.95 0.0
8665200 286.15 21.0
8668800 287.15 149.0
8672400 288.05 250.0
8676000 289.25 428.0
8679600 290.15 510.0
8683200 290.55 450.0
8686800 290.45 304.0
8690400 290.45 203.0
8694000 291.05 287.0
8697600 290.65 115.0
8701200 289.55 44.0
8704800 288.85 0.0
8708400 288.35 0.0
8712000 288.05 0.0
8715600 287.55 0.0
8719200 287.35 0.0
8722800 286.75 0.0
8726400 286.45 0.0
8730000 285.55 0.0
8733600 284.75 0.0
8737200 284.25 0.0
8740800 283.55 0.0
8744400 283.05 0.0
8748000 282.85 0.0
8751600 283.35 34.0
8755200 284.65 146.0
8758800 285.85 164.0
8762400 287.25 232.0
8766000 288.35 337.0
8769600 287.65 268.0
8773200 288.05 267.0
8776800 287.95 211.0
8780400 287.85 144.0
8784000 287.55 93.0
8787600 287.25 32.0
8791200 286.75 0.0
8794800 286.45 0.0
8798400 286.25 0.0
8802000 286.25 0.0
8805600 286.05 0.0
8809200 285.85 0.0
8812800 285.25 0.0
8816400 285.15 0.0
8820000 284.95 0.0
8823600 284.45 0.0
8827200 283.65 0.0
8830800 283.15 0.0
8834400 283.05 0.0
8838000 283.45 33.0
8841600 284.95 163.0
8845200 286.85 309.0
8848800 288.45 407.0
8852400 289.75 486.0
8856000 290.65 542.0
8859600 291.35 503.0
8863200 291.45 429.0
8866800 291.25 286.0
8870400 290.65 138.0
8874000 289.35 56.0
8877600 288.35 0.0
8881200 287.35 0.0
8884800 286.45 0.0
8888400 285.75 0.0
8892000 285.15 0.0
8895600 284.75 0.0
8899200 284.55 0.0
8902800 283.85 0.0
8906400 283.35 0.0
8910000 282.95 0.0
8913600 282.55 0.0
8917200 282.25 0.0
8920800 282.35 0.0
8924400 282.55 31.0
8928000 284.25 161.0
8931600 286.05 305.0
8935200 288.15 426.0
8938800 289.75 507.0
8942400 290.55 540.0
8946000 290.85 511.0
8949600 290.85 437.0
8953200 290.35 331.0
8956800 289.65 189.0
8960400 288.25 52.0
8964000 287.35 0.0
8967600 286.45 0.0
8971200 285.65 0.0
8974800 285.05 0.0
8978400 284.45 0.0
8982000 283.95 0.0
8985600 283.55 0.0
8989200 283.05 0.0
8992800 282.75 0.0
8996400 282.55 0.0
9000000 282.35 0.0
9003600 282.35 0.0
9007200 282.55 0.0
9010800 282.95 29.0
9014400 285.05 151.0
9018000 286.85 266.0
9021600 288.45 326.0
9025200 288.75 213.0
9028800 288.65 309.0
9032400 289.25 232.0
9036000 289.75 199.0
9039600 289.75 134.0
9043200 289.45 66.0
9046800 289.05 20.0
9050400 288.65 0.0
9054000 287.95 0.0
9057600 287.35 0.0
9061200 286.75 0.0
9064800 285.85 0.0
9068400 285.35 0.0
9072000 286.15 0.0
9075600 285.65 0.0
9079200 284.95 0.0
9082800 284.65 0.0
9086400 284.65 0.0
9090000 284.75 0.0
9093600 285.35 0.0
9097200 285.75 21.0
9100800 286.55 109.0
9104400 287.45 208.0
9108000 288.65 353.0
9111600 289.45 379.0
9115200 289.85 439.0
9118800 290.55 431.0
9122400 290.45 403.0
9126000 289.95 311.0
9129600 289.05 172.0
9133200 287.55 40.0
9136800 286.55 0.0
9140400 285.75 0.0
9144000 285.45 0.0
9147600 285.05 0.0
9151200 284.45 0.0
9154800 284.05 0.0
9158400 283.85 0.0
9162000 283.35 0.0
9165600 283.05 0.0
9169200 282.65 0.0
9172800 282.55 0.0
9176400 282.55 0.0
9180000 283.95 0.0
9183600 284.15 20.0
9187200 285.05 134.0
9190800 286.15 224.0
9194400 287.75 366.0
9198000 288.95 393.0
9201600 288.85 330.0
9205200 288.85 225.0
9208800 288.55 127.0
9212400 288.35 104.0
9216000 288.05 66.0
9219600 287.45 17.0
9223200 287.25 0.0
9226800 286.85 0.0
9230400 286.45 0.0
9234000 286.05 0.0
9237600 285.85 0.0
9241200 285.45 0.0
9244800 285.75 0.0
9248400 285.45 0.0
9252000 284.95 0.0
9255600 284.25 0.0
9259200 283.25 0.0
9262800 282.55 0.0
9266400 282.95 0.0
9270000 283.55 20.0
9273600 284.65 106.0
9277200 286.05 218.0
9280800 287.35 303.0
9284400 287.95 289.0
9288000 287.85 247.0
9291600 287.75 176.0
9295200 287.65 163.0
9298800 287.55 122.0
9302400 287.35 72.0
9306000 286.85 17.0
9309600 286.15 0.0
9313200 285.85 0.0
9316800 285.55 0.0
9320400 285.45 0.0
9324000 285.15 0.0
9327600 284.85 0.0
9331200 284.65 0.0
9334800 284.25 0.0
9338400 283.25 0.0
9342000 282.45 0.0
9345600 281.95 0.0
9349200 281.65 0.0
9352800 281.85 0.0
9356400 281.95 21.0
9360000 283.45 142.0
9363600 285.25 283.0
9367200 287.15 405.0
9370800 288.55 482.0
9374400 289.35 510.0
9378000 289.45 318.0
9381600 289.45 252.0
9385200 289.45 205.0
9388800 288.85 112.0
9392400 287.35 29.0
9396000 286.55 0.0
9399600 285.85 0.0
9403200 285.25 0.0
9406800 284.15 0.0
9410400 283.55 0.0
9414000 283.05 0.0
9417600 282.65 0.0
9421200 281.75 0.0
9424800 281.35 0.0
9428400 281.05 0.0
9432000 280.85 0.0
9435600 280.65 0.0
9439200 280.55 0.0
9442800 280.55 19.0
9446400 282.35 140.0
9450000 284.35 285.0
9453600 286.25 403.0
9457200 287.85 483.0
9460800 289.25 512.0
9464400 289.65 483.0
9468000 289.55 387.0
9471600 289.05 209.0
9475200 288.35 106.0
9478800 287.15 21.0
9482400 285.95 0.0
9486000 285.15 0.0
9489600 284.45 0.0
9493200 284.15 0.0
9496800 283.65 0.0
9500400 283.25 0.0
9504000 282.45 0.0
9507600 281.95 0.0
9511200 281.65 0.0
9514800 281.35 0.0
9518400 281.25 0.0
9522000 281.25 0.0
9525600 281.35 0.0
9529200 281.85 6.0
9532800 282.65 35.0
9536400 283.55 64.0
9540000 285.05 95.0
9543600 285.75 83.0
9547200 286.35 150.0
9550800 287.75 162.0
9554400 287.95 80.0
9558000 288.35 47.0
9561600 288.45 26.0
9565200 287.75 10.0
9568800 287.35 0.0
9572400 287.65 0.0
9576000 288.35 0.0
9579600 288.15 0.0
9583200 288.05 0.0
9586800 288.55 0.0
9590400 288.15 0.0
9594000 288.15 0.0
9597600 288.05 0.0
9601200 288.15 0.0
9604800 287.95 0.0
9608400 287.15 0.0
9612000 286.35 0.0
9615600 286.35 12.0
9619200 287.45 55.0
9622800 288.35 152.0
9626400 289.55 264.0
9630000 290.45 344.0
9633600 290.85 197.0
9637200 290.35 315.0
9640800 288.55 227.0
9644400 287.65 90.0
9648000 287.35 81.0
9651600 286.85 16.0
9655200 288.15 0.0
9658800 288.05 0.0
9662400 287.45 0.0
9666000 287.35 0.0
9669600 286.85 0.0
9673200 286.55 0.0
9676800 286.55 0.0
9680400 286.35 0.0
9684000 285.85 0.0
9687600 285.75 0.0
9691200 285.85 0.0
9694800 285.85 0.0
9698400 285.45 0.0
9702000 285.15 11.0
9705600 286.15 117.0
9709200 287.55 232.0
9712800 288.55 301.0
9716400 288.95 298.0
9720000 289.25 228.0
9723600 288.45 199.0
9727200 289.35 270.0
9730800 289.75 214.0
9734400 288.65 57.0
9738000 287.95 17.0
9741600 287.65 0.0
9745200 287.15 0.0
9748800 286.75 0.0
9752400 286.85 0.0
9756000 286.55 0.0
9759600 286.35 0.0
9763200 285.95 0.0
9766800 285.55 0.0
9770400 285.15 0.0
9774000 285.35 0.0
9777600 285.45 0.0
9781200 285.35 0.0
9784800 285.25 0.0
9788400 285.45 4.0
9792000 285.65 21.0
9795600 286.05 41.0
9799200 287.05 125.0
9802800 287.45 118.0
9806400 287.85 88.0
9810000 288.55 174.0
9813600 289.35 261.0
9817200 288.95 114.0
9820800 288.75 48.0
9824400 288.25 10.0
9828000 288.45 0.0
9831600 287.75 0.0
9835200 287.95 0.0
9838800 289.15 0.0
9842400 289.55 0.0
9846000 289.55 0.0
9849600 289.25 0.0
9853200 289.15 0.0
9856800 287.95 0.0
9860400 286.95 0.0
9864000 286.45 0.0
9867600 285.55 0.0
9871200 284.95 0.0
9874800 284.65 9.0
9878400 284.65 109.0
9882000 284.45 125.0
9885600 283.55 39.0
9889200 283.65 64.0
9892800 285.05 146.0
9896400 285.65 230.0
9900000 286.35 244.0
9903600 286.15 198.0
9907200 285.35 97.0
9910800 283.95 14.0
9914400 283.45 0.0
9918000 283.05 0.0
9921600 282.65 0.0
9925200 282.35 0.0
9928800 281.85 0.0
9932400 281.25 0.0
9936000 281.05 0.0
9939600 280.75 0.0
9943200 280.25 0.0
9946800 279.85 0.0
9950400 279.75 0.0
9954000 279.45 0.0
9957600 279.35 0.0
9961200 279.35 10.0
9964800 280.45 113.0
9968400 281.65 249.0
9972000 283.05 351.0
9975600 284.45 437.0
9979200 284.85 427.0
9982800 285.85 365.0
9986400 286.15 339.0
9990000 285.65 238.0
9993600 284.15 95.0
9997200 283.65 14.0
10000800 283.95 0.0
10004400 283.85 0.0
10008000 283.35 0.0
10011600 283.25 0.0
10015200 282.75 0.0
10018800 282.55 0.0
10022400 282.55 0.0
10026000 282.65 0.0
10029600 282.55 0.0
10033200 282.85 0.0
10036800 282.75 0.0
10040400 282.65 0.0
10044000 283.05 0.0
10047600 282.85 8.0
10051200 283.55 102.0
10054800 284.55 234.0
10058400 285.45 303.0
10062000 286.25 320.0
10065600 284.95 327.0
10069200 286.45 251.0
10072800 284.45 281.0
10076400 284.45 119.0
10080000 284.95 113.0
10083600 284.35 15.0
10087200 283.65 0.0
10090800 283.15 0.0
10094400 282.85 0.0
10098000 282.35 0.0
10101600 282.05 0.0
10105200 281.75 0.0
10108800 281.05 0.0
10112400 280.45 0.0
10116000 280.15 0.0
10119600 280.15 0.0
10123200 280.55 0.0
10126800 279.65 0.0
10130400 280.15 0.0
10134000 280.25 6.0
10137600 281.05 79.0
10141200 282.15 224.0
10144800 283.35 337.0
10148400 283.95 419.0
10152000 284.15 420.0
10155600 284.35 340.0
10159200 284.65 329.0
10162800 284.35 165.0
10166400 283.95 89.0
10170000 283.15 9.0
10173600 282.95 0.0
10177200 282.75 0.0
10180800 282.45 0.0
10184400 282.25 0.0
10188000 282.25 0.0
10191600 282.55 0.0
10195200 282.95 0.0
10198800 283.35 0.0
10202400 283.75 0.0
10206000 284.15 0.0
10209600 284.55 0.0
10213200 284.25 0.0
10216800 284.55 0.0
10220400 284.65 3.0
10224000 284.95 44.0
10227600 285.65 97.0
10231200 285.85 136.0
10234800 286.45 176.0
10238400 287.25 270.0
10242000 288.25 393.0
10245600 287.95 340.0
10249200 287.15 183.0
10252800 286.35 85.0
10256400 285.35 11.0
10260000 284.95 0.0
10263600 284.25 0.0
10267200 283.85 0.0
10270800 283.35 0.0
10274400 282.95 0.0
10278000 282.65 0.0
10281600 282.85 0.0
10285200 283.45 0.0
10288800 284.35 0.0
10292400 285.05 0.0
10296000 284.45 0.0
10299600 284.45 0.0
10303200 284.65 0.0
10306800 284.65 3.0
10310400 284.85 35.0
10314000 285.15 59.0
10317600 286.05 140.0
10321200 287.75 299.0
10324800 287.85 220.0
10328400 288.45 253.0
10332000 288.15 182.0
10335600 287.65 114.0
10339200 287.05 39.0
10342800 286.55 4.0
10346400 286.35 0.0
10350000 285.95 0.0
10353600 285.75 0.0
10357200 285.65 0.0
10360800 285.55 0.0
10364400 285.25 0.0
10368000 285.05 0.0
10371600 284.85 0.0
10375200 284.85 0.0
10378800 283.95 0.0
10382400 283.75 0.0
10386000 283.35 0.0
10389600 283.25 0.0
10393200 283.15 4.0
10396800 283.75 77.0
10400400 284.75 165.0
10404000 285.55 202.0
10407600 286.35 258.0
10411200 286.95 242.0
10414800 287.55 181.0
10418400 287.95 122.0
10422000 287.75 67.0
10425600 286.55 17.0
10429200 285.75 1.0
10432800 285.65 0.0
10436400 285.55 0.0
10440000 285.35 0.0
10443600 285.05 0.0
10447200 284.55 0.0
10450800 284.05 0.0
10454400 284.45 0.0
10458000 284.35 0.0
10461600 283.55 0.0
10465200 282.95 0.0
10468800 282.75 0.0
10472400 282.55 0.0
10476000 281.55 0.0
10479600 280.75 5.0
10483200 281.55 92.0
10486800 282.65 225.0
10490400 284.05 329.0
10494000 284.95 346.0
10497600 286.05 300.0
10501200 286.55 361.0
10504800 286.85 297.0
10508400 286.45 212.0
10512000 285.45 99.0
10515600 284.15 7.0
10519200 283.55 0.0
10522800 282.85 0.0
10526400 282.65 0.0
10530000 282.45 0.0
10533600 282.05 0.0
10537200 281.75 0.0
10540800 281.95 0.0
10544400 281.35 0.0
10548000 281.15 0.0
10551600 281.05 0.0
10555200 281.05 0.0
10558800 281.25 0.0
10562400 281.55 0.0
10566000 281.75 2.0
10569600 282.65 41.0
10573200 283.85 111.0
10576800 285.85 248.0
10580400 288.05 392.0
10584000 288.45 379.0
10587600 289.65 275.0
10591200 289.15 104.0
10594800 289.25 97.0
10598400 288.95 71.0
10602000 288.05 7.0
10605600 287.45 0.0
10609200 286.85 0.0
10612800 286.75 0.0
10616400 286.75 0.0
10620000 286.75 0.0
10623600 286.55 0.0
10627200 287.15 0.0
10630800 287.05 0.0
10634400 287.15 0.0
10638000 287.15 0.0
10641600 287.65 0.0
10645200 287.65 0.0
10648800 288.25 0.0
10652400 288.55 1.0
10656000 289.05 51.0
10659600 288.75 34.0
10663200 287.35 32.0
10666800 287.15 53.0
10670400 286.25 45.0
10674000 286.25 59.0
10677600 286.25 64.0
10681200 286.85 162.0
10684800 286.55 68.0
10688400 285.85 6.0
10692000 285.75 0.0
10695600 285.45 0.0
10699200 285.15 0.0
10702800 284.85 0.0
10706400 284.75 0.0
10710000 284.65 0.0
10713600 284.75 0.0
10717200 284.65 0.0
10720800 284.35 0.0
10724400 283.65 0.0
10728000 283.55 0.0
10731600 283.45 0.0
10735200 283.45 0.0
10738800 283.15 2.0
10742400 283.85 70.0
10746000 284.55 129.0
10749600 284.55 189.0
10753200 285.05 130.0
10756800 286.35 341.0
10760400 286.25 312.0
10764000 286.55 308.0
10767600 285.85 214.0
10771200 285.25 85.0
10774800 284.15 5.0
10778400 283.75 0.0
10782000 282.75 0.0
10785600 281.95 0.0
10789200 281.55 0.0
10792800 281.85 0.0
10796400 281.55 0.0
10800000 281.85 0.0
10803600 280.95 0.0
10807200 280.65 0.0
10810800 280.45 0.0
10814400 280.25 0.0
10818000 280.15 0.0
10821600 280.45 0.0
10825200 281.95 1.0
10828800 283.05 28.0
10832400 283.95 76.0
10836000 284.85 111.0
10839600 286.15 220.0
10843200 287.75 243.0
10846800 288.25 209.0
10850400 288.75 237.0
10854000 288.45 134.0
10857600 287.65 39.0
10861200 286.85 3.0
10864800 286.15 0.0
10868400 285.55 0.0
10872000 285.45 0.0
10875600 285.15 0.0
10879200 284.75 0.0
10882800 284.35 0.0
10886400 284.95 0.0
10890000 284.55 0.0
10893600 283.45 0.0
10897200 282.75 0.0
10900800 282.25 0.0
10904400 281.65 0.0
10908000 281.25 0.0
10911600 280.75 1.0
10915200 281.65 67.0
10918800 282.85 181.0
10922400 284.35 282.0
10926000 285.95 360.0
10929600 287.95 371.0
10933200 289.25 371.0
10936800 289.85 309.0
10940400 289.75 214.0
10944000 288.55 86.0
10947600 287.45 4.0
10951200 287.45 0.0
10954800 286.45 0.0
10958400 285.85 0.0
10962000 285.35 0.0
10965600 285.25 0.0
10969200 284.95 0.0
10972800 285.55 0.0
10976400 285.15 0.0
10980000 284.55 0.0
10983600 283.95 0.0
10987200 284.05 0.0
10990800 283.65 0.0
10994400 283.65 0.0
10998000 283.15 1.0
11001600 283.85 65.0
11005200 285.25 186.0
11008800 286.85 279.0
11012400 288.25 361.0
11016000 289.85 378.0
11019600 290.35 286.0
11023200 290.15 193.0
11026800 290.05 175.0
11030400 289.15 68.0
11034000 288.35 3.0
11037600 287.95 0.0
11041200 287.25 0.0
11044800 286.75 0.0
11048400 286.25 0.0
11052000 286.25 0.0
11055600 285.75 0.0
11059200 286.05 0.0
11062800 285.55 0.0
11066400 284.95 0.0
11070000 284.45 0.0
11073600 283.95 0.0
11077200 284.15 0.0
11080800 284.85 0.0
11084400 285.55 0.0
11088000 285.95 20.0
11091600 286.35 42.0
11095200 286.55 61.0
11098800 286.85 89.0
11102400 286.85 69.0
11106000 287.15 52.0
11109600 287.25 63.0
11113200 287.25 93.0
11116800 286.85 38.0
11120400 285.25 2.0
11124000 285.75 0.0
11127600 285.75 0.0
11131200 285.85 0.0
11134800 285.95 0.0
11138400 284.95 0.0
11142000 284.25 0.0
11145600 283.65 0.0
11149200 283.35 0.0
11152800 282.95 0.0
11156400 282.55 0.0
11160000 282.05 0.0
11163600 281.85 0.0
11167200 282.25 0.0
11170800 282.85 0.0
11174400 283.55 26.0
11178000 284.25 56.0
11181600 284.95 78.0
11185200 286.55 168.0
11188800 287.65 206.0
11192400 287.65 185.0
11196000 287.65 127.0
11199600 287.85 126.0
11203200 287.05 54.0
11206800 286.05 2.0
11210400 285.55 0.0
11214000 285.15 0.0
11217600 284.75 0.0
11221200 284.35 0.0
11224800 283.85 0.0
11228400 283.35 0.0
11232000 283.95 0.0
11235600 284.15 0.0
11239200 283.25 0.0
11242800 282.15 0.0
11246400 281.85 0.0
11250000 281.75 0.0
11253600 282.35 0.0
11257200 282.65 0.0
11260800 283.05 26.0
11264400 283.55 39.0
11268000 284.35 64.0
11271600 284.95 74.0
11275200 285.35 63.0
11278800 285.45 40.0
11282400 285.75 45.0
11286000 285.85 44.0
11289600 285.45 22.0
11293200 284.75 1.0
11296800 284.15 0.0
11300400 283.35 0.0
11304000 282.75 0.0
11307600 282.35 0.0
11311200 281.75 0.0
11314800 281.55 0.0
11318400 281.55 0.0
11322000 280.75 0.0
11325600 280.55 0.0
11329200 280.15 0.0
11332800 279.75 0.0
11336400 279.45 0.0
11340000 280.25 0.0
11343600 280.35 0.0
11347200 280.55 21.0
11350800 281.15 83.0
11354400 281.75 147.0
11358000 282.65 177.0
11361600 283.95 203.0
11365200 284.55 199.0
11368800 284.85 236.0
11372400 284.55 169.0
11376000 283.65 56.0
11379600 283.15 1.0
11383200 283.15 0.0
11386800 282.95 0.0
11390400 282.95 0.0
11394000 282.75 0.0
11397600 282.35 0.0
11401200 281.65 0.0
11404800 281.25 0.0
11408400 281.05 0.0
11412000 280.75 0.0
11415600 280.55 0.0
11419200 280.35 0.0
11422800 279.55 0.0
11426400 280.05 0.0
11430000 279.75 0.0
11433600 280.15 47.0
11437200 281.15 158.0
11440800 282.25 206.0
11444400 283.25 234.0
11448000 284.35 313.0
11451600 284.25 134.0
11455200 284.25 124.0
11458800 284.75 58.0
11462400 284.75 21.0
11466000 284.95 0.0
11469600 284.75 0.0
11473200 284.75 0.0
11476800 284.05 0.0
11480400 283.65 0.0
11484000 283.25 0.0
11487600 282.75 0.0
11491200 282.85 0.0
11494800 282.35 0.0
11498400 282.05 0.0
11502000 281.75 0.0
11505600 281.45 0.0
11509200 281.65 0.0
11512800 282.95 0.0
11516400 283.25 0.0
11520000 283.55 13.0
11523600 283.85 53.0
11527200 284.55 69.0
11530800 285.85 154.0
11534400 286.65 176.0
11538000 288.05 176.0
11541600 288.35 218.0
11545200 288.15 178.0
11548800 287.15 61.0
11552400 286.55 1.0
11556000 286.15 0.0
11559600 285.65 0.0
11563200 285.05 0.0
11566800 284.45 0.0
11570400 283.85 0.0
11574000 283.35 0.0
11577600 283.25 0.0
11581200 282.65 0.0
11584800 282.35 0.0
11588400 282.15 0.0
11592000 281.85 0.0
11595600 281.55 0.0
11599200 281.25 0.0
11602800 280.95 0.0
11606400 281.65 44.0
11610000 283.15 160.0
11613600 284.95 272.0
11617200 286.15 305.0
11620800 287.35 336.0
11624400 288.25 270.0
11628000 288.55 217.0
11631600 288.75 141.0
11635200 287.85 52.0
11638800 287.25 0.0
11642400 286.95 0.0
11646000 286.65 0.0
11649600 286.55 0.0
11653200 286.35 0.0
11656800 286.25 0.0
11660400 286.25 0.0
11664000 286.75 0.0
11667600 286.45 0.0
11671200 286.15 0.0
11674800 285.75 0.0
11678400 285.45 0.0
11682000 285.15 0.0
11685600 285.05 0.0
11689200 284.75 0.0
11692800 285.35 41.0
11696400 286.55 142.0
11700000 288.05 257.0
11703600 289.25 297.0
11707200 289.55 225.0
11710800 289.25 88.0
11714400 290.45 239.0
11718000 290.15 147.0
11721600 289.05 43.0
11725200 289.05 0.0
11728800 289.35 0.0
11732400 288.85 0.0
11736000 288.75 0.0
11739600 288.55 0.0
11743200 288.55 0.0
11746800 288.15 0.0
11750400 288.25 0.0
11754000 287.65 0.0
11757600 287.75 0.0
11761200 287.45 0.0
11764800 287.45 0.0
11768400 287.35 0.0
11772000 287.95 0.0
11775600 287.95 0.0
11779200 288.15 7.0
11782800 288.65 38.0
11786400 289.55 87.0
11790000 290.65 132.0
11793600 291.45 141.0
11797200 291.75 161.0
11800800 291.75 168.0
11804400 291.25 113.0
11808000 289.75 41.0
11811600 289.05 0.0
11815200 289.25 0.0
11818800 288.35 0.0
11822400 287.75 0.0
11826000 287.45 0.0
11829600 287.05 0.0
11833200 286.85 0.0
11836800 286.15 0.0
11840400 285.55 0.0
11844000 285.35 0.0
11847600 284.95 0.0
11851200 284.85 0.0
11854800 284.15 0.0
11858400 284.45 0.0
11862000 284.45 0.0
11865600 284.85 27.0
11869200 285.55 86.0
11872800 286.45 152.0
11876400 286.85 168.0
11880000 286.25 151.0
11883600 286.15 69.0
11887200 285.75 49.0
11890800 285.45 17.0
11894400 285.25 7.0
11898000 285.05 0.0
11901600 284.85 0.0
11905200 284.65 0.0
11908800 284.05 0.0
11912400 283.25 0.0
11916000 282.85 0.0
11919600 282.15 0.0
11923200 283.45 0.0
11926800 282.55 0.0
11930400 281.95 0.0
11934000 281.55 0.0
11937600 280.85 0.0
11941200 280.35 0.0
11944800 280.55 0.0
11948400 280.45 0.0
11952000 280.85 20.0
11955600 281.65 86.0
11959200 282.55 132.0
11962800 283.85 157.0
11966400 284.35 171.0
11970000 284.95 117.0
11973600 285.35 83.0
11977200 285.35 50.0
11980800 284.85 19.0
11984400 284.45 0.0
11988000 283.75 0.0
11991600 283.15 0.0
11995200 282.55 0.0
11998800 281.95 0.0
12002400 281.85 0.0
12006000 281.15 0.0
12009600 280.95 0.0
12013200 280.65 0.0
12016800 280.55 0.0
12020400 280.15 0.0
12024000 278.85 0.0
12027600 277.95 0.0
12031200 278.55 0.0
12034800 278.25 0.0
12038400 279.45 19.0
12042000 280.45 85.0
12045600 280.45 54.0
12049200 281.55 173.0
12052800 281.55 275.0
12056400 282.25 268.0
12060000 281.95 211.0
12063600 280.85 142.0
12067200 280.05 43.0
12070800 279.35 0.0
12074400 278.75 0.0
12078000 277.95 0.0
12081600 277.45 0.0
12085200 277.05 0.0
12088800 276.65 0.0
12092400 276.15 0.0
12096000 275.05 0.0
12099600 274.35 0.0
12103200 274.15 0.0
12106800 273.65 0.0
12110400 273.35 0.0
12114000 273.15 0.0
12117600 272.95 0.0
12121200 272.65 0.0
12124800 273.45 25.0
12128400 274.15 104.0
12132000 276.05 206.0
12135600 278.05 300.0
12139200 279.95 295.0
12142800 280.95 275.0
12146400 281.05 177.0
12150000 280.95 91.0
12153600 280.35 25.0
12157200 279.55 0.0
12160800 278.95 0.0
12164400 278.45 0.0
12168000 278.05 0.0
12171600 278.15 0.0
12175200 278.75 0.0
12178800 278.95 0.0
12182400 278.75 0.0
12186000 278.15 0.0
12189600 277.75 0.0
12193200 278.25 0.0
12196800 277.95 0.0
12200400 278.25 0.0
12204000 277.85 0.0
12207600 277.95 0.0
12211200 278.25 7.0
12214800 278.85 27.0
12218400 279.05 25.0
12222000 279.65 33.0
12225600 279.65 37.0
12229200 279.35 135.0
12232800 279.85 150.0
12236400 279.55 130.0
12240000 278.85 42.0
12243600 277.95 0.0
12247200 277.65 0.0
12250800 278.15 0.0
12254400 278.05 0.0
12258000 277.55 0.0
12261600 277.05 0.0
12265200 276.55 0.0
12268800 276.45 0.0
12272400 276.55 0.0
12276000 276.05 0.0
12279600 275.45 0.0
12283200 275.35 0.0
12286800 275.45 0.0
12290400 274.65 0.0
12294000 274.35 0.0
12297600 275.25 21.0
12301200 275.65 129.0
12304800 276.35 200.0
12308400 277.35 274.0
12312000 276.45 308.0
12315600 277.55 261.0
12319200 277.75 184.0
12322800 277.35 115.0
12326400 276.35 39.0
12330000 275.35 0.0
12333600 274.45 0.0
12337200 274.05 0.0
12340800 273.75 0.0
12344400 273.55 0.0
12348000 273.45 0.0
12351600 273.25 0.0
12355200 273.75 0.0
12358800 274.25 0.0
12362400 273.75 0.0
12366000 273.15 0.0
12369600 272.85 0.0
12373200 273.15 0.0
12376800 274.05 0.0
12380400 274.85 0.0
12384000 275.25 8.0
12387600 276.15 96.0
12391200 276.45 73.0
12394800 276.95 96.0
12398400 276.05 222.0
12402000 276.45 94.0
12405600 276.65 79.0
12409200 276.65 58.0
12412800 275.95 34.0
12416400 275.35 0.0
12420000 275.55 0.0
12423600 274.85 0.0
12427200 274.05 0.0
12430800 273.45 0.0
12434400 272.65 0.0
12438000 271.75 0.0
12441600 271.85 0.0
12445200 271.65 0.0
12448800 271.35 0.0
12452400 271.35 0.0
12456000 271.55 0.0
12459600 271.45 0.0
12463200 270.65 0.0
12466800 270.55 0.0
12470400 270.65 12.0
12474000 271.15 58.0
12477600 271.95 121.0
12481200 273.65 205.0
12484800 273.65 295.0
12488400 274.25 172.0
12492000 274.15 134.0
12495600 274.05 103.0
12499200 273.25 32.0
12502800 272.85 0.0
12506400 272.85 0.0
12510000 272.45 0.0
12513600 272.45 0.0
12517200 272.65 0.0
12520800 273.05 0.0
12524400 273.25 0.0
12528000 273.35 0.0
12531600 273.35 0.0
12535200 273.75 0.0
12538800 273.85 0.0
12542400 274.05 0.0
12546000 274.25 0.0
12549600 274.15 0.0
12553200 274.45 0.0
12556800 274.75 7.0
12560400 275.25 28.0
12564000 276.15 52.0
12567600 276.45 41.0
12571200 277.15 30.0
12574800 277.95 53.0
12578400 278.75 54.0
12582000 278.65 8.0
12585600 278.55 4.0
12589200 278.25 0.0
12592800 279.35 0.0
12596400 279.45 0.0
12600000 279.05 0.0
12603600 278.85 0.0
12607200 278.45 0.0
12610800 278.35 0.0
12614400 279.55 0.0
12618000 279.55 0.0
12621600 279.55 0.0
12625200 279.35 0.0
12628800 279.15 0.0
12632400 278.95 0.0
12636000 279.65 0.0
12639600 279.25 0.0
12643200 279.35 17.0
12646800 280.15 102.0
12650400 281.25 198.0
12654000 282.25 244.0
12657600 282.05 244.0
12661200 282.75 239.0
12664800 282.65 192.0
12668400 281.85 121.0
12672000 280.05 30.0
12675600 280.05 0.0
12679200 280.25 0.0
12682800 279.75 0.0
12686400 279.15 0.0
12690000 279.65 0.0
12693600 278.95 0.0
12697200 278.45 0.0
12700800 279.35 0.0
12704400 278.95 0.0
12708000 278.55 0.0
12711600 278.05 0.0
12715200 278.05 0.0
12718800 278.75 0.0
12722400 278.45 0.0
12726000 278.35 0.0
12729600 278.25 17.0
12733200 279.15 111.0
12736800 280.05 107.0
12740400 280.95 195.0
12744000 279.75 178.0
12747600 280.35 92.0
12751200 280.95 169.0
12754800 280.65 127.0
12758400 279.85 32.0
12762000 279.25 0.0
12765600 278.35 0.0
12769200 278.05 0.0
12772800 277.75 0.0
12776400 277.55 0.0
12780000 277.35 0.0
12783600 277.05 0.0
12787200 276.85 0.0
12790800 276.75 0.0
12794400 276.65 0.0
12798000 276.35 0.0
12801600 276.15 0.0
12805200 275.95 0.0
12808800 276.45 0.0
12812400 276.25 0.0
12816000 276.45 16.0
12819600 277.65 104.0
12823200 278.85 215.0
12826800 279.95 288.0
12830400 280.95 316.0
12834000 281.25 261.0
12837600 281.25 198.0
12841200 280.75 116.0
12844800 279.35 31.0
12848400 278.75 0.0
12852000 278.25 0.0
12855600 278.05 0.0
12859200 277.55 0.0
12862800 276.35 0.0
12866400 276.05 0.0
12870000 275.45 0.0
12873600 274.95 0.0
12877200 274.55 0.0
12880800 274.45 0.0
12884400 274.45 0.0
12888000 274.75 0.0
12891600 275.65 0.0
12895200 276.55 0.0
12898800 276.75 0.0
12902400 277.05 3.0
12906000 277.55 30.0
12909600 278.15 68.0
12913200 278.95 76.0
12916800 278.75 47.0
12920400 279.25 35.0
12924000 279.55 29.0
12927600 279.95 27.0
12931200 280.15 8.0
12934800 280.45 0.0
12938400 280.35 0.0
12942000 280.15 0.0
12945600 280.45 0.0
12949200 280.75 0.0
12952800 280.95 0.0
12956400 281.05 0.0
12960000 280.55 0.0
12963600 280.65 0.0
12967200 280.65 0.0
12970800 280.85 0.0
12974400 281.05 0.0
12978000 281.15 0.0
12981600 280.65 0.0
12985200 280.65 0.0
12988800 280.95 2.0
12992400 281.35 14.0
12996000 282.05 67.0
12999600 282.45 79.0
13003200 282.45 74.0
13006800 282.35 20.0
13010400 282.85 25.0
13014000 283.15 29.0
13017600 283.15 5.0
13021200 283.45 0.0
13024800 283.45 0.0
13028400 283.35 0.0
13032000 282.75 0.0
13035600 281.35 0.0
13039200 280.65 0.0
13042800 281.25 0.0
13046400 281.45 0.0
13050000 281.65 0.0
13053600 281.55 0.0
13057200 281.65 0.0
13060800 281.95 0.0
13064400 282.45 0.0
13068000 282.55 0.0
13071600 282.55 0.0
13075200 282.65 2.0
13078800 282.85 14.0
13082400 283.35 37.0
13086000 283.75 48.0
13089600 283.95 76.0
13093200 284.75 112.0
13096800 284.65 42.0
13100400 284.55 44.0
13104000 284.05 10.0
13107600 283.85 0.0
13111200 283.75 0.0
13114800 283.15 0.0
13118400 282.75 0.0
13122000 282.15 0.0
13125600 281.75 0.0
13129200 281.25 0.0
13132800 281.15 0.0
13136400 280.45 0.0
13140000 280.05 0.0
13143600 279.85 0.0
13147200 279.55 0.0
13150800 278.95 0.0
13154400 279.15 0.0
13158000 278.95 0.0
13161600 279.05 7.0
13165200 279.85 73.0
13168800 280.45 189.0
13172400 280.85 231.0
13176000 281.05 231.0
13179600 281.55 235.0
13183200 281.35 220.0
13186800 280.85 129.0
13190400 279.35 27.0
13194000 278.55 0.0
13197600 278.05 0.0
13201200 277.25 0.0
13204800 276.85 0.0
13208400 276.35 0.0
13212000 275.95 0.0
13215600 275.65 0.0
13219200 275.25 0.0
13222800 274.55 0.0
13226400 274.35 0.0
13230000 274.35 0.0
13233600 274.45 0.0
13237200 274.55 0.0
13240800 275.25 0.0
13244400 275.45 0.0
13248000 275.65 8.0
13251600 276.35 39.0
13255200 277.55 170.0
13258800 278.65 224.0
13262400 278.65 169.0
13266000 280.55 197.0
13269600 280.85 131.0
13273200 280.95 76.0
13276800 280.75 10.0
13280400 280.45 0.0
13284000 280.15 0.0
13287600 279.95 0.0
13291200 280.05 0.0
13294800 280.15 0.0
13298400 279.95 0.0
13302000 280.05 0.0
13305600 280.05 0.0
13309200 280.15 0.0
13312800 280.45 0.0
13316400 280.45 0.0
13320000 280.95 0.0
13323600 281.25 0.0
13327200 281.15 0.0
13330800 281.05 0.0
13334400 280.95 1.0
13338000 280.95 57.0
13341600 281.35 66.0
13345200 282.25 128.0
13348800 282.25 156.0
13352400 282.65 107.0
13356000 282.25 64.0
13359600 281.65 29.0
13363200 280.95 9.0
13366800 280.45 0.0
13370400 280.95 0.0
13374000 280.85 0.0
13377600 280.75 0.0
13381200 280.75 0.0
13384800 280.75 0.0
13388400 280.85 0.0
13392000 280.95 0.0
13395600 281.05 0.0
13399200 280.95 0.0
13402800 280.95 0.0
13406400 280.85 0.0
13410000 280.75 0.0
13413600 280.45 0.0
13417200 280.05 0.0
13420800 280.35 3.0
13424400 280.65 28.0
13428000 280.85 56.0
13431600 281.15 106.0
13435200 282.45 135.0
13438800 282.85 223.0
13442400 282.75 162.0
13446000 282.25 90.0
13449600 281.35 18.0
13453200 281.05 0.0
13456800 280.85 0.0
13460400 280.15 0.0
13464000 279.65 0.0
13467600 279.75 0.0
13471200 279.25 0.0
13474800 278.45 0.0
13478400 278.65 0.0
13482000 278.55 0.0
13485600 278.45 0.0
13489200 278.25 0.0
13492800 278.35 0.0
13496400 278.95 0.0
13500000 279.55 0.0
13503600 279.55 0.0
13507200 279.85 2.0
13510800 280.05 24.0
13514400 280.25 22.0
13518000 280.65 34.0
13521600 281.15 48.0
13525200 281.65 44.0
13528800 281.35 155.0
13532400 280.95 62.0
13536000 279.95 17.0
13539600 279.65 0.0
13543200 279.25 0.0
13546800 278.75 0.0
13550400 278.15 0.0
13554000 277.45 0.0
13557600 276.75 0.0
13561200 275.95 0.0
13564800 276.15 0.0
13568400 274.95 0.0
13572000 274.95 0.0
13575600 274.35 0.0
13579200 273.75 0.0
13582800 273.25 0.0
13586400 274.05 0.0
13590000 273.35 0.0
13593600 273.35 6.0
13597200 274.45 66.0
13600800 276.25 150.0
13604400 277.75 229.0
13608000 278.35 262.0
13611600 278.95 155.0
13615200 278.95 113.0
13618800 278.95 64.0
13622400 278.75 11.0
13626000 278.55 0.0
13629600 279.25 0.0
13633200 279.65 0.0
13636800 279.35 0.0
13640400 279.75 0.0
13644000 278.95 0.0
13647600 279.15 0.0
13651200 280.05 0.0
13654800 280.65 0.0
13658400 281.45 0.0
13662000 281.95 0.0
13665600 282.45 0.0
13669200 282.45 0.0
13672800 282.55 0.0
13676400 283.15 0.0
13680000 282.85 6.0
13683600 283.25 64.0
13687200 283.75 125.0
13690800 284.45 220.0
13694400 284.85 244.0
13698000 285.55 227.0
13701600 284.35 166.0
13705200 284.65 103.0
13708800 283.95 19.0
13712400 283.65 0.0
13716000 283.25 0.0
13719600 283.45 0.0
13723200 283.45 0.0
13726800 283.35 0.0
13730400 283.35 0.0
13734000 283.55 0.0
13737600 283.45 0.0
13741200 283.15 0.0
13744800 283.35 0.0
13748400 283.55 0.0
13752000 283.55 0.0
13755600 283.55 0.0
13759200 283.85 0.0
13762800 284.05 0.0
13766400 284.15 1.0
13770000 284.35 6.0
13773600 285.25 29.0
13777200 286.55 50.0
13780800 286.95 47.0
13784400 287.45 43.0
13788000 287.35 39.0
13791600 287.15 20.0
13795200 287.25 2.0
13798800 287.55 0.0
13802400 287.65 0.0
13806000 287.75 0.0
13809600 287.65 0.0
13813200 287.65 0.0
13816800 287.65 0.0
13820400 287.65 0.0
13824000 287.55 0.0
13827600 287.45 0.0
13831200 287.35 0.0
13834800 287.25 0.0
13838400 286.95 0.0
13842000 287.05 0.0
13845600 287.15 0.0
13849200 287.35 0.0
13852800 287.25 2.0
13856400 287.65 34.0
13860000 287.65 78.0
13863600 287.95 78.0
13867200 288.85 144.0
13870800 288.05 19.0
13874400 288.95 201.0
13878000 288.65 107.0
13881600 287.65 20.0
13885200 286.75 0.0
13888800 286.15 0.0
13892400 285.55 0.0
13896000 285.15 0.0
13899600 284.55 0.0
13903200 284.05 0.0
13906800 283.45 0.0
13910400 284.15 0.0
13914000 283.25 0.0
13917600 282.85 0.0
13921200 282.25 0.0
13924800 281.95 0.0
13928400 281.85 0.0
13932000 282.15 0.0
13935600 282.15 0.0
13939200 282.15 4.0
13942800 283.05 71.0
13946400 284.15 150.0
13950000 285.45 228.0
13953600 287.35 267.0
13957200 288.05 248.0
13960800 288.15 191.0
13964400 287.85 116.0
13968000 287.15 22.0
13971600 286.85 0.0
13975200 287.35 0.0
13978800 287.55 0.0
13982400 287.45 0.0
13986000 286.75 0.0
13989600 286.25 0.0
13993200 286.05 0.0
13996800 285.25 0.0
14000400 285.15 0.0
14004000 285.05 0.0
14007600 285.05 0.0
14011200 285.05 0.0
14014800 285.15 0.0
14018400 285.25 0.0
14022000 285.15 0.0
14025600 284.95 1.0
14029200 285.05 13.0
14032800 285.45 58.0
14036400 285.75 79.0
14040000 285.85 128.0
14043600 285.95 66.0
14047200 285.85 54.0
14050800 285.55 56.0
14054400 284.75 14.0
14058000 284.05 0.0
14061600 283.55 0.0
14065200 282.25 0.0
14068800 281.55 0.0
14072400 280.85 0.0
14076000 279.95 0.0
14079600 279.45 0.0
14083200 279.55 0.0
14086800 279.05 0.0
14090400 278.35 0.0
14094000 278.55 0.0
14097600 278.35 0.0
14101200 278.45 0.0
14104800 278.25 0.0
14108400 279.05 0.0
14112000 279.85 1.0
14115600 280.65 25.0
14119200 281.15 52.0
14122800 281.65 77.0
14126400 282.55 100.0
14130000 282.95 69.0
14133600 283.05 66.0
14137200 283.05 36.0
14140800 282.85 9.0
14144400 282.75 0.0
14148000 282.95 0.0
14151600 283.15 0.0
14155200 283.15 0.0
14158800 283.35 0.0
14162400 283.45 0.0
14166000 283.35 0.0
14169600 282.65 0.0
14173200 282.15 0.0
14176800 281.75 0.0
14180400 282.05 0.0
14184000 281.75 0.0
14187600 281.35 0.0
14191200 281.75 0.0
14194800 281.65 0.0
14198400 281.65 2.0
14202000 281.95 37.0
14205600 282.55 88.0
14209200 283.75 140.0
14212800 283.95 198.0
14216400 284.55 140.0
14220000 284.95 134.0
14223600 284.45 92.0
14227200 282.95 21.0
14230800 282.45 0.0
14234400 282.55 0.0
14238000 282.05 0.0
14241600 281.45 0.0
14245200 279.95 0.0
14248800 279.35 0.0
14252400 279.15 0.0
14256000 280.25 0.0
14259600 280.85 0.0
14263200 280.85 0.0
14266800 280.75 0.0
14270400 280.75 0.0
14274000 280.55 0.0
14277600 280.85 0.0
14281200 280.95 0.0
14284800 280.75 1.0
14288400 280.95 29.0
14292000 281.15 73.0
14295600 281.25 82.0
14299200 281.65 92.0
14302800 281.75 46.0
14306400 281.85 50.0
14310000 281.85 33.0
14313600 281.55 5.0
14317200 281.35 0.0
14320800 281.35 0.0
14324400 281.25 0.0
14328000 280.95 0.0
14331600 280.65 0.0
14335200 280.25 0.0
14338800 279.95 0.0
14342400 279.85 0.0
14346000 279.75 0.0
14349600 279.65 0.0
14353200 279.45 0.0
14356800 279.35 0.0
14360400 279.35 0.0
14364000 279.25 0.0
14367600 279.15 0.0
14371200 279.05 1.0
14374800 279.05 16.0
14378400 279.25 51.0
14382000 279.65 79.0
14385600 280.05 90.0
14389200 280.05 69.0
14392800 280.15 50.0
14396400 280.35 53.0
14400000 279.85 10.0
14403600 279.35 0.0
14407200 279.55 0.0
14410800 279.55 0.0
14414400 279.65 0.0
14418000 279.75 0.0
14421600 279.55 0.0
14425200 279.35 0.0
14428800 278.25 0.0
14432400 277.95 0.0
14436000 277.65 0.0
14439600 277.75 0.0
14443200 277.55 0.0
14446800 277.65 0.0
14450400 277.75 0.0
14454000 277.75 0.0
14457600 277.95 3.0
14461200 279.05 67.0
14464800 280.55 165.0
14468400 282.15 230.0
14472000 283.15 258.0
14475600 283.75 167.0
14479200 284.25 121.0
14482800 284.05 77.0
14486400 283.05 17.0
14490000 282.75 0.0
14493600 283.55 0.0
14497200 283.75 0.0
14500800 283.75 0.0
14504400 283.55 0.0
14508000 283.25 0.0
14511600 282.35 0.0
14515200 282.75 0.0
14518800 282.75 0.0
14522400 282.25 0.0
14526000 281.95 0.0
14529600 281.85 0.0
14533200 282.05 0.0
14536800 283.05 0.0
14540400 282.95 0.0
14544000 282.45 1.0
14547600 282.65 44.0
14551200 283.55 120.0
14554800 285.05 201.0
14558400 286.25 226.0
14562000 287.05 255.0
14565600 287.15 204.0
14569200 285.95 112.0
14572800 284.25 24.0
14576400 283.55 0.0
14580000 283.15 0.0
14583600 282.65 0.0
14587200 281.75 0.0
14590800 281.25 0.0
14594400 280.75 0.0
14598000 280.15 0.0
14601600 279.85 0.0
14605200 280.75 0.0
14608800 280.75 0.0
14612400 281.25 0.0
14616000 281.45 0.0
14619600 281.55 0.0
14623200 281.65 0.0
14626800 281.55 0.0
14630400 281.15 1.0
14634000 281.85 37.0
14637600 282.15 91.0
14641200 282.85 203.0
14644800 283.35 191.0
14648400 283.65 191.0
14652000 283.85 151.0
14655600 283.25 109.0
14659200 282.15 20.0
14662800 281.15 0.0
14666400 280.75 0.0
14670000 280.85 0.0
14673600 281.25 0.0
14677200 281.05 0.0
14680800 280.75 0.0
14684400 280.15 0.0
14688000 280.65 0.0
14691600 281.05 0.0
14695200 281.25 0.0
14698800 281.45 0.0
14702400 281.45 0.0
14706000 281.85 0.0
14709600 282.55 0.0
14713200 282.15 0.0
14716800 281.85 2.0
14720400 282.55 36.0
14724000 283.55 123.0
14727600 284.55 198.0
14731200 286.25 234.0
14734800 286.85 216.0
14738400 287.65 189.0
14742000 287.55 107.0
14745600 287.25 21.0
14749200 287.15 0.0
14752800 287.05 0.0
14756400 287.05 0.0
14760000 286.85 0.0
14763600 286.75 0.0
14767200 286.35 0.0
14770800 286.05 0.0
14774400 285.35 0.0
14778000 285.25 0.0
14781600 285.15 0.0
14785200 284.85 0.0
14788800 284.65 0.0
14792400 284.15 0.0
14796000 284.25 0.0
14799600 283.95 0.0
14803200 283.65 0.0
14806800 283.55 11.0
14810400 283.75 43.0
14814000 283.75 57.0
14817600 283.75 76.0
14821200 284.05 96.0
14824800 283.75 86.0
14828400 283.55 56.0
14832000 282.15 17.0
14835600 281.65 0.0
14839200 281.45 0.0
14842800 281.35 0.0
14846400 281.25 0.0
14850000 280.85 0.0
14853600 280.25 0.0
14857200 280.05 0.0
14860800 280.35 0.0
14864400 280.35 0.0
14868000 280.15 0.0
14871600 280.25 0.0
14875200 280.35 0.0
14878800 280.55 0.0
14882400 280.75 0.0
14886000 281.05 0.0
14889600 281.15 0.0
14893200 281.25 7.0
14896800 281.65 40.0
14900400 282.45 101.0
14904000 282.55 143.0
14907600 282.85 52.0
14911200 283.05 47.0
14914800 283.05 17.0
14918400 283.05 8.0
14922000 282.85 0.0
14925600 282.95 0.0
14929200 282.95 0.0
14932800 282.75 0.0
14936400 282.65 0.0
14940000 282.15 0.0
14943600 282.05 0.0
14947200 282.45 0.0
14950800 282.35 0.0
14954400 281.95 0.0
14958000 281.45 0.0
14961600 280.95 0.0
14965200 281.05 0.0
14968800 281.65 0.0
14972400 281.55 0.0
14976000 281.85 1.0
14979600 282.55 22.0
14983200 283.05 41.0
14986800 283.35 51.0
14990400 283.95 80.0
14994000 284.25 65.0
14997600 284.25 54.0
15001200 283.95 30.0
15004800 283.75 4.0
15008400 283.45 0.0
15012000 284.15 0.0
15015600 283.55 0.0
15019200 283.65 0.0
15022800 283.55 0.0
15026400 282.95 0.0
15030000 282.85 0.0
15033600 283.95 0.0
15037200 283.65 0.0
15040800 283.45 0.0
15044400 283.15 0.0
15048000 282.55 0.0
15051600 281.95 0.0
15055200 281.05 0.0
15058800 280.25 0.0
15062400 279.95 1.0
15066000 280.55 34.0
15069600 281.45 77.0
15073200 282.65 163.0
15076800 283.15 207.0
15080400 283.55 104.0
15084000 283.85 122.0
15087600 283.25 61.0
15091200 282.45 15.0
15094800 281.95 0.0
15098400 282.25 0.0
15102000 282.05 0.0
15105600 281.95 0.0
15109200 281.85 0.0
15112800 281.65 0.0
15116400 280.95 0.0
15120000 281.55 0.0
15123600 281.25 0.0
15127200 280.95 0.0
15130800 280.65 0.0
15134400 279.45 0.0
15138000 278.75 0.0
15141600 278.25 0.0
15145200 277.45 0.0
15148800 276.75 1.0
15152400 276.65 43.0
15156000 276.75 94.0
15159600 276.95 99.0
15163200 276.75 128.0
15166800 277.05 115.0
15170400 277.45 81.0
15174000 277.85 55.0
15177600 277.65 12.0
15181200 277.55 0.0
15184800 277.55 0.0
15188400 277.45 0.0
15192000 277.25 0.0
15195600 277.15 0.0
15199200 277.45 0.0
15202800 277.45 0.0
15206400 278.05 0.0
15210000 277.75 0.0
15213600 277.65 0.0
15217200 277.65 0.0
15220800 277.65 0.0
15224400 277.85 0.0
15228000 278.25 0.0
15231600 278.25 0.0
15235200 278.05 1.0
15238800 277.75 43.0
15242400 277.55 140.0
15246000 277.45 245.0
15249600 276.85 270.0
15253200 276.55 190.0
15256800 276.35 220.0
15260400 275.75 129.0
15264000 274.75 31.0
15267600 274.35 0.0
15271200 274.65 0.0
15274800 274.35 0.0
15278400 273.45 0.0
15282000 272.85 0.0
15285600 272.65 0.0
15289200 272.75 0.0
15292800 273.05 0.0
15296400 273.05 0.0
15300000 273.15 0.0
15303600 273.25 0.0
15307200 272.95 0.0
15310800 272.95 0.0
15314400 272.75 0.0
15318000 272.75 0.0
15321600 272.45 1.0
15325200 272.75 57.0
15328800 273.55 158.0
15332400 274.45 237.0
15336000 275.15 276.0
15339600 275.35 266.0
15343200 275.35 214.0
15346800 274.95 126.0
15350400 274.15 30.0
15354000 273.55 0.0
15357600 272.95 0.0
15361200 272.65 0.0
15364800 272.25 0.0
15368400 272.05 0.0
15372000 271.85 0.0
15375600 271.65 0.0
15379200 271.35 0.0
15382800 271.15 0.0
15386400 271.15 0.0
15390000 271.05 0.0
15393600 271.05 0.0
15397200 270.95 0.0
15400800 270.85 0.0
15404400 270.75 0.0
15408000 270.75 1.0
15411600 271.65 59.0
15415200 273.05 161.0
15418800 274.35 241.0
15422400 275.35 280.0
15426000 276.15 271.0
15429600 276.35 219.0
15433200 275.55 131.0
15436800 274.15 32.0
15440400 273.55 0.0
15444000 273.35 0.0
15447600 273.25 0.0
15451200 272.85 0.0
15454800 272.65 0.0
15458400 272.55 0.0
15462000 272.45 0.0
15465600 272.25 0.0
15469200 272.05 0.0
15472800 271.85 0.0
15476400 271.75 0.0
15480000 271.75 0.0
15483600 271.85 0.0
15487200 272.25 0.0
15490800 272.05 0.0
15494400 272.05 1.0
15498000 273.05 60.0
15501600 274.45 163.0
15505200 275.55 245.0
15508800 275.75 285.0
15512400 276.45 210.0
15516000 276.45 199.0
15519600 275.15 130.0
15523200 273.15 33.0
15526800 272.55 0.0
15530400 272.65 0.0
15534000 272.65 0.0
15537600 272.25 0.0
15541200 272.15 0.0
15544800 272.05 0.0
15548400 271.85 0.0
15552000 271.95 0.0
15555600 271.55 0.0
15559200 271.55 0.0
15562800 271.35 0.0
15566400 271.25 0.0
15570000 271.25 0.0
15573600 272.05 0.0
15577200 272.55 0.0
15580800 272.75 1.0
15584400 273.65 51.0
15588000 274.65 138.0
15591600 275.65 202.0
15595200 275.65 231.0
15598800 275.65 187.0
15602400 275.35 112.0
15606000 275.15 69.0
15609600 274.55 24.0
15613200 273.65 0.0
15616800 273.35 0.0
15620400 272.95 0.0
15624000 272.65 0.0
15627600 272.45 0.0
15631200 272.15 0.0
15634800 271.85 0.0
15638400 272.05 0.0
15642000 270.95 0.0
15645600 270.45 0.0
15649200 270.25 0.0
15652800 270.15 0.0
15656400 269.95 0.0
15660000 270.25 0.0
15663600 269.05 0.0
15667200 268.85 1.0
15670800 270.45 62.0
15674400 271.85 170.0
15678000 273.35 254.0
15681600 274.95 295.0
15685200 275.75 288.0
15688800 275.95 235.0
15692400 275.05 143.0
15696000 273.65 37.0
15699600 273.05 0.0
15703200 272.85 0.0
15706800 273.85 0.0
15710400 274.25 0.0
15714000 274.25 0.0
15717600 274.05 0.0
15721200 273.25 0.0
15724800 273.75 0.0
15728400 274.05 0.0
15732000 274.85 0.0
15735600 275.05 0.0
15739200 275.05 0.0
15742800 274.85 0.0
15746400 275.25 0.0
15750000 275.35 0.0
15753600 275.35 1.0
15757200 275.45 40.0
15760800 275.85 159.0
15764400 276.45 249.0
15768000 277.55 291.0
15771600 278.05 272.0
15775200 277.95 191.0
15778800 277.45 142.0
15782400 276.15 38.0
15786000 275.35 0.0
15789600 274.75 0.0
15793200 274.15 0.0
15796800 273.75 0.0
15800400 273.45 0.0
15804000 272.95 0.0
15807600 272.55 0.0
15811200 272.65 0.0
15814800 272.25 0.0
15818400 271.95 0.0
15822000 271.65 0.0
15825600 271.35 0.0
15829200 271.15 0.0
15832800 270.95 0.0
15836400 270.65 0.0
15840000 270.15 1.0
15843600 271.55 59.0
15847200 272.85 162.0
15850800 274.25 243.0
15854400 275.75 288.0
15858000 276.45 257.0
15861600 276.45 195.0
15865200 276.05 116.0
15868800 274.55 32.0
15872400 274.05 0.0
15876000 273.35 0.0
15879600 272.75 0.0
15883200 272.75 0.0
15886800 272.65 0.0
15890400 272.55 0.0
15894000 272.25 0.0
15897600 271.05 0.0
15901200 270.35 0.0
15904800 270.15 0.0
15908400 270.45 0.0
15912000 270.35 0.0
15915600 269.95 0.0
15919200 270.15 0.0
15922800 270.35 0.0
15926400 270.85 1.0
15930000 271.35 38.0
15933600 272.55 107.0
15937200 274.05 206.0
15940800 275.45 205.0
15944400 276.35 156.0
15948000 276.25 79.0
15951600 276.35 65.0
15955200 276.05 7.0
15958800 276.05 0.0
15962400 275.95 0.0
15966000 275.65 0.0
15969600 275.55 0.0
15973200 275.75 0.0
15976800 275.75 0.0
15980400 276.05 0.0
15984000 275.35 0.0
15987600 275.45 0.0
15991200 275.45 0.0
15994800 275.15 0.0
15998400 275.05 0.0
16002000 275.15 0.0
16005600 274.75 0.0
16009200 274.85 0.0
16012800 275.05 1.0
16016400 275.05 50.0
16020000 276.05 154.0
16023600 276.55 215.0
16027200 277.35 171.0
16030800 276.75 39.0
16034400 275.65 20.0
16038000 275.45 21.0
16041600 275.15 12.0
16045200 274.85 0.0
16048800 274.35 0.0
16052400 273.35 0.0
16056000 272.45 0.0
16059600 271.85 0.0
16063200 271.35 0.0
16066800 271.15 0.0
16070400 271.45 0.0
16074000 271.05 0.0
16077600 270.85 0.0
16081200 270.85 0.0
16084800 270.95 0.0
16088400 271.15 0.0
16092000 271.75 0.0
16095600 271.85 0.0
16099200 272.45 1.0
16102800 273.35 50.0
16106400 274.85 162.0
16110000 276.15 241.0
16113600 275.55 276.0
16117200 276.05 223.0
16120800 276.05 235.0
16124400 275.35 154.0
16128000 273.75 45.0
16131600 272.95 0.0
16135200 272.65 0.0
16138800 272.15 0.0
16142400 271.75 0.0
16146000 271.55 0.0
16149600 271.25 0.0
16153200 270.95 0.0
16156800 272.25 0.0
16160400 272.05 0.0
16164000 271.95 0.0
16167600 271.85 0.0
16171200 271.45 0.0
16174800 270.95 0.0
16178400 269.95 0.0
16182000 267.95 0.0
16185600 267.65 1.0
16189200 268.65 62.0
16192800 270.55 171.0
16196400 272.15 260.0
16200000 274.95 305.0
16203600 275.75 294.0
16207200 275.65 246.0
16210800 274.85 148.0
16214400 272.85 43.0
16218000 272.45 0.0
16221600 272.55 0.0
16225200 272.25 0.0
16228800 271.65 0.0
16232400 271.35 0.0
16236000 271.15 0.0
16239600 270.75 0.0
16243200 270.25 0.0
16246800 269.65 0.0
16250400 269.25 0.0
16254000 269.05 0.0
16257600 269.05 0.0
16261200 268.95 0.0
16264800 268.95 0.0
16268400 268.85 0.0
16272000 268.85 1.0
16275600 269.85 48.0
16279200 270.95 105.0
16282800 272.05 132.0
16286400 271.75 143.0
16290000 271.75 52.0
16293600 272.25 67.0
16297200 272.05 27.0
16300800 272.05 7.0
16304400 272.05 0.0
16308000 271.95 0.0
16311600 271.95 0.0
16315200 272.15 0.0
16318800 271.85 0.0
16322400 268.75 0.0
16326000 270.65 0.0
16329600 272.05 0.0
16333200 271.95 0.0
16336800 271.55 0.0
16340400 270.25 0.0
16344000 269.15 0.0
16347600 268.15 0.0
16351200 267.95 0.0
16354800 267.45 0.0
16358400 266.15 1.0
16362000 267.05 65.0
16365600 268.95 177.0
16369200 270.65 267.0
16372800 273.75 314.0
16376400 273.35 306.0
16380000 273.45 250.0
16383600 272.85 159.0
16387200 271.05 49.0
16390800 271.65 0.0
16394400 271.35 0.0
16398000 271.05 0.0
16401600 271.45 0.0
16405200 271.15 0.0
16408800 270.75 0.0
16412400 270.75 0.0
16416000 271.75 0.0
16419600 271.85 0.0
16423200 271.75 0.0
16426800 271.65 0.0
16430400 271.35 0.0
16434000 271.25 0.0
16437600 271.45 0.0
16441200 271.25 0.0
16444800 271.35 0.0
16448400 271.45 12.0
16452000 271.95 30.0
16455600 272.85 91.0
16459200 272.85 124.0
16462800 274.45 165.0
16466400 274.85 159.0
16470000 274.85 160.0
16473600 274.35 53.0
16477200 274.25 0.0
16480800 274.05 0.0
16484400 274.95 0.0
16488000 275.25 0.0
16491600 275.05 0.0
16495200 275.35 0.0
16498800 275.55 0.0
16502400 275.65 0.0
16506000 275.35 0.0
16509600 275.15 0.0
16513200 274.95 0.0
16516800 275.05 0.0
16520400 275.25 0.0
16524000 276.45 0.0
16527600 278.25 0.0
16531200 278.05 1.0
16534800 277.45 48.0
16538400 278.25 110.0
16542000 279.15 116.0
16545600 278.85 87.0
16549200 278.35 32.0
16552800 278.15 30.0
16556400 278.75 20.0
16560000 280.35 10.0
16563600 281.35 0.0
16567200 282.15 0.0
16570800 282.35 0.0
16574400 282.55 0.0
16578000 282.95 0.0
16581600 282.95 0.0
16585200 282.45 0.0
16588800 281.65 0.0
16592400 280.85 0.0
16596000 280.25 0.0
16599600 280.15 0.0
16603200 280.05 0.0
16606800 279.65 0.0
16610400 279.25 0.0
16614000 279.35 0.0
16617600 278.55 1.0
16621200 278.65 19.0
16624800 278.95 72.0
16628400 279.15 82.0
16632000 279.75 147.0
16635600 279.65 149.0
16639200 279.15 92.0
16642800 278.65 44.0
16646400 278.35 9.0
16650000 278.05 0.0
16653600 278.15 0.0
16657200 277.25 0.0
16660800 277.15 0.0
16664400 277.05 0.0
16668000 276.95 0.0
16671600 276.85 0.0
16675200 277.15 0.0
16678800 276.85 0.0
16682400 276.65 0.0
16686000 276.45 0.0
16689600 276.45 0.0
16693200 276.25 0.0
16696800 276.15 0.0
16700400 275.95 0.0
16704000 275.65 1.0
16707600 275.95 51.0
16711200 276.35 87.0
16714800 276.95 173.0
16718400 276.75 164.0
16722000 277.15 95.0
16725600 277.35 100.0
16729200 277.35 65.0
16732800 276.85 28.0
16736400 276.65 0.0
16740000 276.15 0.0
16743600 275.85 0.0
16747200 275.65 0.0
16750800 275.35 0.0
16754400 274.95 0.0
16758000 275.05 0.0
16761600 274.55 0.0
16765200 274.05 0.0
16768800 273.85 0.0
16772400 273.05 0.0
16776000 272.45 0.0
16779600 272.15 0.0
16783200 272.35 0.0
16786800 272.25 0.0
16790400 272.05 2.0
16794000 272.75 59.0
16797600 273.95 175.0
16801200 275.35 257.0
16804800 276.55 143.0
16808400 277.55 275.0
16812000 277.85 240.0
16815600 277.55 149.0
16819200 276.95 41.0
16822800 276.75 0.0
16826400 277.05 0.0
16830000 277.15 0.0
16833600 277.35 0.0
16837200 277.35 0.0
16840800 277.45 0.0
16844400 276.75 0.0
16848000 277.05 0.0
16851600 277.55 0.0
16855200 278.45 0.0
16858800 279.35 0.0
16862400 280.15 0.0
16866000 280.85 0.0
16869600 281.55 0.0
16873200 281.75 0.0
16876800 281.95 0.0
16880400 281.95 8.0
16884000 282.35 30.0
16887600 282.95 28.0
16891200 284.15 63.0
16894800 284.15 38.0
16898400 283.65 79.0
16902000 283.75 26.0
16905600 284.25 17.0
16909200 284.05 0.0
16912800 284.15 0.0
16916400 284.15 0.0
16920000 283.35 0.0
16923600 283.15 0.0
16927200 282.95 0.0
16930800 282.55 0.0
16934400 282.85 0.0
16938000 282.65 0.0
16941600 282.35 0.0
16945200 282.45 0.0
16948800 282.35 0.0
16952400 281.15 0.0
16956000 280.85 0.0
16959600 280.95 0.0
16963200 280.25 2.0
16966800 280.75 48.0
16970400 281.65 151.0
16974000 282.85 254.0
16977600 284.45 294.0
16981200 285.25 292.0
16984800 285.35 193.0
16988400 284.95 85.0
16992000 284.15 44.0
16995600 283.95 0.0
16999200 284.25 0.0
17002800 284.05 0.0
17006400 283.65 0.0
17010000 283.45 0.0
17013600 282.55 0.0
17017200 281.85 0.0
17020800 282.55 0.0
17024400 282.35 0.0
17028000 282.05 0.0
17031600 281.75 0.0
17035200 281.55 0.0
17038800 281.45 0.0
17042400 281.55 0.0
17046000 281.15 0.0
17049600 281.45 1.0
17053200 281.75 15.0
17056800 281.95 24.0
17060400 283.15 101.0
17064000 284.05 240.0
17067600 285.35 231.0
17071200 285.45 185.0
17074800 285.25 154.0
17078400 284.15 59.0
17082000 283.25 2.0
17085600 283.05 0.0
17089200 283.25 0.0
17092800 283.15 0.0
17096400 282.35 0.0
17100000 281.95 0.0
17103600 281.95 0.0
17107200 282.75 0.0
17110800 282.75 0.0
17114400 283.05 0.0
17118000 283.05 0.0
17121600 282.95 0.0
17125200 282.45 0.0
17128800 281.65 0.0
17132400 281.55 0.0
17136000 281.25 2.0
17139600 281.95 18.0
17143200 282.45 73.0
17146800 283.35 154.0
17150400 284.05 102.0
17154000 285.05 157.0
17157600 285.65 248.0
17161200 285.65 134.0
17164800 285.15 57.0
17168400 284.25 2.0
17172000 284.45 0.0
17175600 284.65 0.0
17179200 284.75 0.0
17182800 283.95 0.0
17186400 283.35 0.0
17190000 283.35 0.0
17193600 283.15 0.0
17197200 282.95 0.0
17200800 282.75 0.0
17204400 282.55 0.0
17208000 281.95 0.0
17211600 281.35 0.0
17215200 281.05 0.0
17218800 280.85 0.0
17222400 280.55 2.0
17226000 281.15 67.0
17229600 282.45 163.0
17233200 283.35 245.0
17236800 283.75 272.0
17240400 284.05 254.0
17244000 284.15 210.0
17247600 283.75 141.0
17251200 282.85 44.0
17254800 282.35 1.0
17258400 281.85 0.0
17262000 281.55 0.0
17265600 281.25 0.0
17269200 281.05 0.0
17272800 280.75 0.0
17276400 280.55 0.0
17280000 280.35 0.0
17283600 280.95 0.0
17287200 280.25 0.0
17290800 280.05 0.0
17294400 280.05 0.0
17298000 279.25 0.0
17301600 280.65 0.0
17305200 280.45 0.0
17308800 280.45 1.0
17312400 280.85 38.0
17316000 281.25 105.0
17319600 282.15 167.0
17323200 283.55 255.0
17326800 284.15 211.0
17330400 284.85 259.0
17334000 284.85 162.0
17337600 283.85 54.0
17341200 282.25 3.0
17344800 282.25 0.0
17348400 281.95 0.0
17352000 281.95 0.0
17355600 281.75 0.0
17359200 281.35 0.0
17362800 280.85 0.0
17366400 282.35 0.0
17370000 281.35 0.0
17373600 281.45 0.0
17377200 280.75 0.0
17380800 280.25 0.0
17384400 280.35 0.0
17388000 280.85 0.0
17391600 280.45 0.0
17395200 279.95 1.0
17398800 279.85 25.0
17402400 280.25 74.0
17406000 281.25 221.0
17409600 281.55 211.0
17413200 282.85 315.0
17416800 283.25 282.0
17420400 282.95 123.0
17424000 281.85 71.0
17427600 280.45 4.0
17431200 279.75 0.0
17434800 279.15 0.0
17438400 279.25 0.0
17442000 278.95 0.0
17445600 278.65 0.0
17449200 277.75 0.0
17452800 276.85 0.0
17456400 276.65 0.0
17460000 276.55 0.0
17463600 276.35 0.0
17467200 276.45 0.0
17470800 276.55 0.0
17474400 275.85 0.0
17478000 275.75 0.0
17481600 276.15 2.0
17485200 277.15 47.0
17488800 278.55 102.0
17492400 280.15 206.0
17496000 280.55 290.0
17499600 282.45 305.0
17503200 283.35 269.0
17506800 283.15 123.0
17510400 282.25 71.0
17514000 281.35 3.0
17517600 281.85 0.0
17521200 281.95 0.0
17524800 282.05 0.0
17528400 281.75 0.0
17532000 281.45 0.0
17535600 280.65 0.0
17539200 280.05 0.0
17542800 280.05 0.0
17546400 280.45 0.0
17550000 279.85 0.0
17553600 279.05 0.0
17557200 278.65 0.0
17560800 278.35 0.0
17564400 277.75 0.0
17568000 277.85 3.0
17571600 278.65 53.0
17575200 279.25 102.0
17578800 281.25 175.0
17582400 281.05 236.0
17586000 282.05 180.0
17589600 282.35 93.0
17593200 282.95 110.0
17596800 282.35 74.0
17600400 281.95 4.0
17604000 281.45 0.0
17607600 281.15 0.0
17611200 280.65 0.0
17614800 280.85 0.0
17618400 280.75 0.0
17622000 280.85 0.0
17625600 281.95 0.0
17629200 282.05 0.0
17632800 281.95 0.0
17636400 281.75 0.0
17640000 281.45 0.0
17643600 281.05 0.0
17647200 281.55 0.0
17650800 281.15 0.0
17654400 280.45 3.0
17658000 280.85 65.0
17661600 281.65 135.0
17665200 282.75 232.0
17668800 284.45 278.0
17672400 285.55 327.0
17676000 285.95 288.0
17679600 285.65 130.0
17683200 285.15 24.0
17686800 284.85 1.0
17690400 284.35 0.0
17694000 283.45 0.0
17697600 282.95 0.0
17701200 282.45 0.0
17704800 282.15 0.0
17708400 281.75 0.0
17712000 280.95 0.0
17715600 280.65 0.0
17719200 280.35 0.0
17722800 280.15 0.0
17726400 280.35 0.0
17730000 280.55 0.0
17733600 280.05 0.0
17737200 280.05 0.0
17740800 280.65 3.0
17744400 281.35 39.0
17748000 281.85 79.0
17751600 282.25 98.0
17755200 283.45 161.0
17758800 283.75 218.0
17762400 284.45 223.0
17766000 283.75 175.0
17769600 283.25 72.0
17773200 282.35 6.0
17776800 281.65 0.0
17780400 281.15 0.0
17784000 280.55 0.0
17787600 279.95 0.0
17791200 279.65 0.0
17794800 279.15 0.0
17798400 278.65 0.0
17802000 278.45 0.0
17805600 278.35 0.0
17809200 278.05 0.0
17812800 278.05 0.0
17816400 278.25 0.0
17820000 278.75 0.0
17823600 279.25 0.0
17827200 279.25 1.0
17830800 279.55 14.0
17834400 280.05 35.0
17838000 280.65 81.0
17841600 281.05 181.0
17845200 281.95 252.0
17848800 282.35 230.0
17852400 282.05 121.0
17856000 281.55 51.0
17859600 280.45 6.0
17863200 279.95 0.0
17866800 279.35 0.0
17870400 278.95 0.0
17874000 278.75 0.0
17877600 278.25 0.0
17881200 277.85 0.0
17884800 277.95 0.0
17888400 277.45 0.0
17892000 276.95 0.0
17895600 276.55 0.0
17899200 276.25 0.0
17902800 276.15 0.0
17906400 276.45 0.0
17910000 276.45 0.0
17913600 275.85 4.0
17917200 276.85 79.0
17920800 278.15 167.0
17924400 279.15 238.0
17928000 280.05 265.0
17931600 281.25 198.0
17935200 282.05 309.0
17938800 282.35 217.0
17942400 281.35 101.0
17946000 280.05 9.0
17949600 279.35 0.0
17953200 278.65 0.0
17956800 277.85 0.0
17960400 277.15 0.0
17964000 276.55 0.0
17967600 276.15 0.0
17971200 276.55 0.0
17974800 276.95 0.0
17978400 276.35 0.0
17982000 276.75 0.0
17985600 276.95 0.0
17989200 277.45 0.0
17992800 277.55 0.0
17996400 277.75 0.0
18000000 277.95 2.0
18003600 278.55 27.0
18007200 279.35 79.0
18010800 280.15 170.0
18014400 280.55 161.0
18018000 280.65 152.0
18021600 280.35 72.0
18025200 279.95 48.0
18028800 279.65 22.0
18032400 279.55 2.0
18036000 278.95 0.0
18039600 278.95 0.0
18043200 278.15 0.0
18046800 277.45 0.0
18050400 276.95 0.0
18054000 276.55 0.0
18057600 277.75 0.0
18061200 277.55 0.0
18064800 277.05 0.0
18068400 276.55 0.0
18072000 276.15 0.0
18075600 275.95 0.0
18079200 276.85 0.0
18082800 276.85 0.0
18086400 276.65 6.0
18090000 277.25 61.0
18093600 277.35 94.0
18097200 277.65 110.0
18100800 278.85 129.0
18104400 280.25 122.0
18108000 280.55 66.0
18111600 281.25 144.0
18115200 280.55 82.0
18118800 279.75 8.0
18122400 279.75 0.0
18126000 279.55 0.0
18129600 279.25 0.0
18133200 278.25 0.0
18136800 277.55 0.0
18140400 277.25 0.0
18144000 278.15 0.0
18147600 278.35 0.0
18151200 278.55 0.0
18154800 278.05 0.0
18158400 278.25 0.0
18162000 278.55 0.0
18165600 278.05 0.0
18169200 277.95 0.0
18172800 278.15 1.0
18176400 278.55 11.0
18180000 279.25 35.0
18183600 279.75 28.0
18187200 280.85 39.0
18190800 281.55 44.0
18194400 281.65 26.0
18198000 281.85 26.0
18201600 281.65 17.0
18205200 281.45 3.0
18208800 281.35 0.0
18212400 280.45 0.0
18216000 279.85 0.0
18219600 279.35 0.0
18223200 278.85 0.0
18226800 278.05 0.0
18230400 278.15 0.0
18234000 277.35 0.0
18237600 277.55 0.0
18241200 277.05 0.0
18244800 276.45 0.0
18248400 275.95 0.0
18252000 276.35 0.0
18255600 275.55 0.0
18259200 275.65 6.0
18262800 276.75 65.0
18266400 277.85 126.0
18270000 278.65 175.0
18273600 279.25 229.0
18277200 279.95 191.0
18280800 280.05 161.0
18284400 279.95 122.0
18288000 279.45 60.0
18291600 278.25 8.0
18295200 278.25 0.0
18298800 278.45 0.0
18302400 277.45 0.0
18306000 276.85 0.0
18309600 276.35 0.0
18313200 275.55 0.0
18316800 275.25 0.0
18320400 274.45 0.0
18324000 274.15 0.0
18327600 273.75 0.0
18331200 273.65 0.0
18334800 273.35 0.0
18338400 273.25 0.0
18342000 273.25 0.0
18345600 273.35 5.0
18349200 273.95 41.0
18352800 275.05 105.0
18356400 275.95 120.0
18360000 275.75 157.0
18363600 276.85 172.0
18367200 277.85 161.0
18370800 278.25 94.0
18374400 278.25 43.0
18378000 278.15 7.0
18381600 278.25 0.0
18385200 278.55 0.0
18388800 278.15 0.0
18392400 277.85 0.0
18396000 277.05 0.0
18399600 277.05 0.0
18403200 277.45 0.0
18406800 276.95 0.0
18410400 276.85 0.0
18414000 276.65 0.0
18417600 277.25 0.0
18421200 277.45 0.0
18424800 277.45 0.0
18428400 278.15 0.0
18432000 279.05 7.0
18435600 280.05 40.0
18439200 280.95 87.0
18442800 281.65 109.0
18446400 282.95 280.0
18450000 283.55 250.0
18453600 284.15 205.0
18457200 283.55 173.0
18460800 282.95 56.0
18464400 282.25 13.0
18468000 282.05 0.0
18471600 281.55 0.0
18475200 281.35 0.0
18478800 281.55 0.0
18482400 281.35 0.0
18486000 280.65 0.0
18489600 280.85 0.0
18493200 280.75 0.0
18496800 280.55 0.0
18500400 280.35 0.0
18504000 280.05 0.0
18507600 279.75 0.0
18511200 279.05 0.0
18514800 279.05 0.0
18518400 278.95 7.0
18522000 279.35 58.0
18525600 280.15 107.0
18529200 280.65 129.0
18532800 279.95 199.0
18536400 280.65 156.0
18540000 281.35 126.0
18543600 281.55 69.0
18547200 281.15 20.0
18550800 279.45 14.0
18554400 279.25 0.0
18558000 278.55 0.0
18561600 278.55 0.0
18565200 278.55 0.0
18568800 277.85 0.0
18572400 277.35 0.0
18576000 279.05 0.0
18579600 279.65 0.0
18583200 279.15 0.0
18586800 278.35 0.0
18590400 278.25 0.0
18594000 278.15 0.0
18597600 279.15 0.0
18601200 279.45 0.0
18604800 279.75 4.0
18608400 280.35 34.0
18612000 280.95 62.0
18615600 280.75 54.0
18619200 281.45 141.0
18622800 281.75 75.0
18626400 281.85 71.0
18630000 282.15 70.0
18633600 281.75 23.0
18637200 281.25 5.0
18640800 280.15 0.0
18644400 279.95 0.0
18648000 279.65 0.0
18651600 279.25 0.0
18655200 279.25 0.0
18658800 279.15 0.0
18662400 279.35 0.0
18666000 279.65 0.0
18669600 278.65 0.0
18673200 278.85 0.0
18676800 278.35 0.0
18680400 278.45 0.0
18684000 276.35 0.0
18687600 276.05 0.0
18691200 276.15 8.0
18694800 276.65 59.0
18698400 277.35 64.0
18702000 278.05 52.0
18705600 280.75 132.0
18709200 282.35 176.0
18712800 283.45 246.0
18716400 283.55 176.0
18720000 282.85 81.0
18723600 281.45 21.0
18727200 281.55 0.0
18730800 281.65 0.0
18734400 281.55 0.0
18738000 281.05 0.0
18741600 280.75 0.0
18745200 280.85 0.0
18748800 280.55 0.0
18752400 280.65 0.0
18756000 279.95 0.0
18759600 280.15 0.0
18763200 280.45 0.0
18766800 280.75 0.0
18770400 280.85 0.0
18774000 281.05 0.0
18777600 280.95 2.0
18781200 281.05 15.0
18784800 281.25 33.0
18788400 280.95 41.0
18792000 281.85 80.0
18795600 282.85 139.0
18799200 282.85 139.0
18802800 282.95 118.0
18806400 282.65 53.0
18810000 282.35 15.0
18813600 281.45 0.0
18817200 281.15 0.0
18820800 280.45 0.0
18824400 279.85 0.0
18828000 279.45 0.0
18831600 278.95 0.0
18835200 278.75 0.0
18838800 278.05 0.0
18842400 277.75 0.0
18846000 277.45 0.0
18849600 277.15 0.0
18853200 276.85 0.0
18856800 277.25 0.0
18860400 276.65 0.0
18864000 276.55 14.0
18867600 277.75 86.0
18871200 279.45 240.0
18874800 281.15 347.0
18878400 282.95 396.0
18882000 282.55 391.0
18885600 284.35 326.0
18889200 284.25 165.0
18892800 283.15 129.0
18896400 282.45 19.0
18900000 282.85 0.0
18903600 282.55 0.0
18907200 282.05 0.0
18910800 281.75 0.0
18914400 281.55 0.0
18918000 281.55 0.0
18921600 281.05 0.0
18925200 280.85 0.0
18928800 280.85 0.0
18932400 280.85 0.0
18936000 280.55 0.0
18939600 280.95 0.0
18943200 280.95 0.0
18946800 280.75 0.0
18950400 280.85 8.0
18954000 281.35 39.0
18957600 282.85 130.0
18961200 282.85 94.0
18964800 282.55 58.0
18968400 284.75 302.0
18972000 284.25 98.0
18975600 284.25 105.0
18979200 283.45 27.0
18982800 282.75 9.0
18986400 282.05 0.0
18990000 282.05 0.0
18993600 281.65 0.0
18997200 281.65 0.0
19000800 281.25 0.0
19004400 281.25 0.0
19008000 281.65 0.0
19011600 281.65 0.0
19015200 281.65 0.0
19018800 281.45 0.0
19022400 281.65 0.0
19026000 281.75 0.0
19029600 282.05 0.0
19033200 281.75 0.0
19036800 282.05 13.0
19040400 283.15 108.0
19044000 284.15 226.0
19047600 284.95 267.0
19051200 284.35 328.0
19054800 285.75 383.0
19058400 285.75 316.0
19062000 285.45 240.0
19065600 283.85 106.0
19069200 283.45 26.0
19072800 282.95 0.0
19076400 282.45 0.0
19080000 281.65 0.0
19083600 281.05 0.0
19087200 280.45 0.0
19090800 280.25 0.0
19094400 280.25 0.0
19098000 279.85 0.0
19101600 279.45 0.0
19105200 279.15 0.0
19108800 278.85 0.0
19112400 278.85 0.0
19116000 279.45 0.0
19119600 279.25 0.0
19123200 280.05 17.0
19126800 281.15 75.0
19130400 282.15 160.0
19134000 283.65 306.0
19137600 284.65 370.0
19141200 285.25 299.0
19144800 285.65 304.0
19148400 285.65 253.0
19152000 284.85 127.0
19155600 283.35 33.0
19159200 282.45 0.0
19162800 281.65 0.0
19166400 281.15 0.0
19170000 280.75 0.0
19173600 280.35 0.0
19177200 279.85 0.0
19180800 280.15 0.0
19184400 280.05 0.0
19188000 279.35 0.0
19191600 278.65 0.0
19195200 277.55 0.0
19198800 276.85 0.0
19202400 277.15 0.0
19206000 276.95 0.0
19209600 277.05 24.0
19213200 278.45 143.0
19216800 280.45 270.0
19220400 282.55 360.0
19224000 284.45 418.0
19227600 285.55 423.0
19231200 285.95 381.0
19234800 286.05 288.0
19238400 284.85 122.0
19242000 283.25 30.0
19245600 282.15 0.0
19249200 281.35 0.0
19252800 280.85 0.0
19256400 280.35 0.0
19260000 279.55 0.0
19263600 278.85 0.0
19267200 278.15 0.0
19270800 277.05 0.0
19274400 276.65 0.0
19278000 276.75 0.0
19281600 276.55 0.0
19285200 276.35 0.0
19288800 277.35 0.0
19292400 277.25 0.0
19296000 277.25 12.0
19299600 277.45 61.0
19303200 278.35 134.0
19306800 280.35 230.0
19310400 281.35 367.0
19314000 282.35 262.0
19317600 283.25 167.0
19321200 283.85 266.0
19324800 283.35 136.0
19328400 282.15 37.0
19332000 282.15 0.0
19335600 282.05 0.0
19339200 281.95 0.0
19342800 281.95 0.0
19346400 281.45 0.0
19350000 281.15 0.0
19353600 281.55 0.0
19357200 281.85 0.0
19360800 282.15 0.0
19364400 282.15 0.0
19368000 281.95 0.0
19371600 282.05 0.0
19375200 281.35 0.0
19378800 281.45 0.0
19382400 281.55 20.0
19386000 282.75 129.0
19389600 283.65 152.0
19393200 284.75 228.0
19396800 285.45 242.0
19400400 285.65 178.0
19404000 286.25 204.0
19407600 285.65 79.0
19411200 284.25 33.0
19414800 284.15 4.0
19418400 284.55 0.0
19422000 284.45 0.0
19425600 284.15 0.0
19429200 284.45 0.0
19432800 284.75 0.0
19436400 284.05 0.0
19440000 283.75 0.0
19443600 283.75 0.0
19447200 283.25 0.0
19450800 283.15 0.0
19454400 282.95 0.0
19458000 283.25 0.0
19461600 283.65 0.0
19465200 283.85 0.0
19468800 283.85 22.0
19472400 284.05 97.0
19476000 284.65 113.0
19479600 285.75 276.0
19483200 284.95 346.0
19486800 285.45 265.0
19490400 285.95 325.0
19494000 285.65 173.0
19497600 284.35 37.0
19501200 283.75 6.0
19504800 283.25 0.0
19508400 283.55 0.0
19512000 283.95 0.0
19515600 284.25 0.0
19519200 284.15 0.0
19522800 284.45 0.0
19526400 284.05 0.0
19530000 283.75 0.0
19533600 283.75 0.0
19537200 282.95 0.0
19540800 283.15 0.0
19544400 282.45 0.0
19548000 282.15 0.0
19551600 282.65 0.0
19555200 282.65 22.0
19558800 282.75 112.0
19562400 283.35 99.0
19566000 283.65 183.0
19569600 283.85 365.0
19573200 284.85 209.0
19576800 285.15 272.0
19580400 284.45 195.0
19584000 283.85 150.0
19587600 282.95 40.0
19591200 282.35 0.0
19594800 282.15 0.0
19598400 281.75 0.0
19602000 281.45 0.0
19605600 281.15 0.0
19609200 280.95 0.0
19612800 281.05 0.0
19616400 280.55 0.0
19620000 280.25 0.0
19623600 280.25 0.0
19627200 280.65 0.0
19630800 280.85 0.0
19634400 280.65 0.0
19638000 280.55 0.0
19641600 280.95 16.0
19645200 281.55 88.0
19648800 282.15 109.0
19652400 282.55 146.0
19656000 281.85 91.0
19659600 281.85 49.0
19663200 282.05 103.0
19666800 281.95 55.0
19670400 281.65 37.0
19674000 281.25 12.0
19677600 281.05 0.0
19681200 281.05 0.0
19684800 280.95 0.0
19688400 280.85 0.0
19692000 280.75 0.0
19695600 280.55 0.0
19699200 280.65 0.0
19702800 280.15 0.0
19706400 279.65 0.0
19710000 278.45 0.0
19713600 277.15 0.0
19717200 276.25 0.0
19720800 275.95 0.0
19724400 275.15 0.0
19728000 274.65 13.0
19731600 274.65 73.0
19735200 274.85 117.0
19738800 275.35 190.0
19742400 274.95 223.0
19746000 275.35 194.0
19749600 275.85 224.0
19753200 276.15 144.0
19756800 276.65 129.0
19760400 275.65 58.0
19764000 274.65 0.0
19767600 274.05 0.0
19771200 273.35 0.0
19774800 272.95 0.0
19778400 272.75 0.0
19782000 272.35 0.0
19785600 272.15 0.0
19789200 272.05 0.0
19792800 272.05 0.0
19796400 272.35 0.0
19800000 272.25 0.0
19803600 272.45 0.0
19807200 272.65 0.0
19810800 272.95 0.0
19814400 273.45 20.0
19818000 273.95 50.0
19821600 274.75 80.0
19825200 275.35 154.0
19828800 276.25 47.0
19832400 275.55 40.0
19836000 275.85 32.0
19839600 276.55 29.0
19843200 277.35 9.0
19846800 278.55 5.0
19850400 280.75 0.0
19854000 282.25 0.0
19857600 282.15 0.0
19861200 281.55 0.0
19864800 281.25 0.0
19868400 281.25 0.0
19872000 281.55 0.0
19875600 280.95 0.0
19879200 280.65 0.0
19882800 280.15 0.0
19886400 279.95 0.0
19890000 279.65 0.0
19893600 280.45 0.0
19897200 280.05 0.0
19900800 280.25 46.0
19904400 280.95 154.0
19908000 281.35 219.0
19911600 282.35 352.0
19915200 282.65 402.0
19918800 283.15 437.0
19922400 283.35 393.0
19926000 282.75 275.0
19929600 282.35 173.0
19933200 280.15 44.0
19936800 280.05 0.0
19940400 280.05 0.0
19944000 279.85 0.0
19947600 279.85 0.0
19951200 279.65 0.0
19954800 279.35 0.0
19958400 279.55 0.0
19962000 279.45 0.0
19965600 279.35 0.0
19969200 279.65 0.0
19972800 278.95 0.0
19976400 278.95 0.0
19980000 279.15 0.0
19983600 278.75 0.0
19987200 278.85 45.0
19990800 279.25 130.0
19994400 279.65 280.0
19998000 280.15 365.0
20001600 280.35 400.0
20005200 280.55 414.0
20008800 280.65 405.0
20012400 280.85 322.0
20016000 280.55 199.0
20019600 278.75 67.0
20023200 278.55 1.0
20026800 277.65 0.0
20030400 277.15 0.0
20034000 277.25 0.0
20037600 277.35 0.0
20041200 277.05 0.0
20044800 277.65 0.0
20048400 277.35 0.0
20052000 277.05 0.0
20055600 276.65 0.0
20059200 276.85 0.0
20062800 276.95 0.0
20066400 276.85 0.0
20070000 276.45 0.0
20073600 276.35 9.0
20077200 276.95 46.0
20080800 277.65 76.0
20084400 278.35 86.0
20088000 278.25 109.0
20091600 279.55 154.0
20095200 280.25 135.0
20098800 279.95 40.0
20102400 280.05 13.0
20106000 280.35 13.0
20109600 281.85 0.0
20113200 281.75 0.0
20116800 281.75 0.0
20120400 281.95 0.0
20124000 281.65 0.0
20127600 281.55 0.0
20131200 281.45 0.0
20134800 281.25 0.0
20138400 279.95 0.0
20142000 280.15 0.0
20145600 280.15 0.0
20149200 279.85 0.0
20152800 279.65 0.0
20156400 280.45 0.0
20160000 280.55 28.0
20163600 281.05 49.0
20167200 282.05 138.0
20170800 282.15 202.0
20174400 281.05 78.0
20178000 281.75 201.0
20181600 282.65 139.0
20185200 283.65 197.0
20188800 282.55 89.0
20192400 281.85 24.0
20196000 281.65 1.0
20199600 281.45 0.0
20203200 281.15 0.0
20206800 280.95 0.0
20210400 280.55 0.0
20214000 280.25 0.0
20217600 280.15 0.0
20221200 279.75 0.0
20224800 279.45 0.0
20228400 279.15 0.0
20232000 278.85 0.0
20235600 278.95 0.0
20239200 279.25 0.0
20242800 278.55 0.0
20246400 278.85 38.0
20250000 279.75 104.0
20253600 281.15 206.0
20257200 282.75 301.0
20260800 282.95 254.0
20264400 284.05 330.0
20268000 284.05 197.0
20271600 283.85 110.0
20275200 284.25 175.0
20278800 283.45 44.0
20282400 282.55 2.0
20286000 283.15 0.0
20289600 283.35 0.0
20293200 283.15 0.0
20296800 283.35 0.0
20300400 282.85 0.0
20304000 282.85 0.0
20307600 282.95 0.0
20311200 282.85 0.0
20314800 282.65 0.0
20318400 282.75 0.0
20322000 283.15 0.0
20325600 283.55 0.0
20329200 283.85 0.0
20332800 283.85 34.0
20336400 284.15 96.0
20340000 285.45 278.0
20343600 286.75 365.0
20347200 287.45 489.0
20350800 288.05 406.0
20354400 288.55 397.0
20358000 288.65 323.0
20361600 288.15 215.0
20365200 286.95 31.0
20368800 286.05 1.0
20372400 285.65 0.0
20376000 285.65 0.0
20379600 285.45 0.0
20383200 285.25 0.0
20386800 285.15 0.0
20390400 285.15 0.0
20394000 284.85 0.0
20397600 284.65 0.0
20401200 284.65 0.0
20404800 284.75 0.0
20408400 284.65 0.0
20412000 284.55 0.0
20415600 284.45 0.0
20419200 284.45 25.0
20422800 285.05 102.0
20426400 285.75 165.0
20430000 285.55 80.0
20433600 286.25 124.0
20437200 286.35 163.0
20440800 286.45 106.0
20444400 286.55 104.0
20448000 285.45 35.0
20451600 284.45 10.0
20455200 283.95 1.0
20458800 283.75 0.0
20462400 283.75 0.0
20466000 284.05 0.0
20469600 284.05 0.0
20473200 284.05 0.0
20476800 284.15 0.0
20480400 284.15 0.0
20484000 283.95 0.0
20487600 283.75 0.0
20491200 283.85 0.0
20494800 283.75 0.0
20498400 283.45 0.0
20502000 283.25 1.0
20505600 283.75 42.0
20509200 284.95 145.0
20512800 285.95 300.0
20516400 286.55 362.0
20520000 287.15 403.0
20523600 288.15 370.0
20527200 288.15 345.0
20530800 288.15 330.0
20534400 287.45 186.0
20538000 286.25 78.0
20541600 285.25 3.0
20545200 285.55 0.0
20548800 285.15 0.0
20552400 285.35 0.0
20556000 284.85 0.0
20559600 284.25 0.0
20563200 284.35 0.0
20566800 284.55 0.0
20570400 284.85 0.0
20574000 284.75 0.0
20577600 284.75 0.0
20581200 284.65 0.0
20584800 284.55 0.0
20588400 284.65 1.0
20592000 284.75 23.0
20595600 285.45 91.0
20599200 286.05 160.0
20602800 286.75 226.0
20606400 287.35 330.0
20610000 287.85 330.0
20613600 288.35 357.0
20617200 288.25 232.0
20620800 288.35 156.0
20624400 287.55 66.0
20628000 285.75 4.0
20631600 285.05 0.0
20635200 284.35 0.0
20638800 283.75 0.0
20642400 283.35 0.0
20646000 282.95 0.0
20649600 282.55 0.0
20653200 282.05 0.0
20656800 281.35 0.0
20660400 280.95 0.0
20664000 280.65 0.0
20667600 280.25 0.0
20671200 280.55 0.0
20674800 280.15 2.0
20678400 281.35 76.0
20682000 283.25 197.0
20685600 285.35 348.0
20689200 287.55 470.0
20692800 289.95 530.0
20696400 291.35 533.0
20700000 292.25 482.0
20703600 292.65 384.0
20707200 292.25 250.0
20710800 289.75 100.0
20714400 288.55 6.0
20718000 287.55 0.0
20721600 286.75 0.0
20725200 285.95 0.0
20728800 284.75 0.0
20732400 284.05 0.0
20736000 284.45 0.0
20739600 283.85 0.0
20743200 283.25 0.0
20746800 282.55 0.0
20750400 282.15 0.0
20754000 281.95 0.0
20757600 282.25 0.0
20761200 281.85 3.0
20764800 282.95 87.0
20768400 284.75 232.0
20772000 286.55 368.0
20775600 288.25 466.0
20779200 289.45 518.0
20782800 290.35 523.0
20786400 290.75 474.0
20790000 290.65 378.0
20793600 289.95 245.0
20797200 288.55 100.0
20800800 287.25 6.0
20804400 286.55 0.0
20808000 285.75 0.0
20811600 285.25 0.0
20815200 284.75 0.0
20818800 284.35 0.0
20822400 283.75 0.0
20826000 283.35 0.0
20829600 283.05 0.0
20833200 282.85 0.0
20836800 282.65 0.0
20840400 282.45 0.0
20844000 282.75 0.0
20847600 282.45 4.0
20851200 283.35 91.0
20854800 284.85 236.0
20858400 286.45 376.0
20862000 287.75 486.0
20865600 287.95 356.0
20869200 287.85 217.0
20872800 287.65 165.0
20876400 286.35 70.0
20880000 285.95 37.0
20883600 285.85 17.0
20887200 286.55 1.0
20890800 285.45 0.0
20894400 284.95 0.0
20898000 284.85 0.0
20901600 284.25 0.0
20905200 283.75 0.0
20908800 283.95 0.0
20912400 283.75 0.0
20916000 283.35 0.0
20919600 283.25 0.0
20923200 282.85 0.0
20926800 282.25 0.0
20930400 281.85 0.0
20934000 281.65 4.0
20937600 281.95 92.0
20941200 282.75 240.0
20944800 283.55 347.0
20948400 284.35 409.0
20952000 285.05 403.0
20955600 285.55 524.0
20959200 285.65 457.0
20962800 285.75 369.0
20966400 285.25 247.0
20970000 284.15 107.0
20973600 282.85 8.0
20977200 281.95 0.0
20980800 281.05 0.0
20984400 280.45 0.0
20988000 279.85 0.0
20991600 279.25 0.0
20995200 278.55 0.0
20998800 278.05 0.0
21002400 277.85 0.0
21006000 277.65 0.0
21009600 277.35 0.0
21013200 277.15 0.0
21016800 277.15 0.0
21020400 277.05 5.0
21024000 278.35 100.0
21027600 280.15 232.0
21031200 282.15 384.0
21034800 283.95 477.0
21038400 285.05 506.0
21042000 285.45 401.0
21045600 285.75 373.0
21049200 285.75 271.0
21052800 285.35 169.0
21056400 284.25 81.0
21060000 283.05 7.0
21063600 282.35 0.0
21067200 281.65 0.0
21070800 281.05 0.0
21074400 280.65 0.0
21078000 280.45 0.0
21081600 280.55 0.0
21085200 280.15 0.0
21088800 279.75 0.0
21092400 279.25 0.0
21096000 278.85 0.0
21099600 278.55 0.0
21103200 278.85 0.0
21106800 279.15 6.0
21110400 280.15 100.0
21114000 281.95 258.0
21117600 283.95 396.0
21121200 285.75 499.0
21124800 288.45 555.0
21128400 289.45 556.0
21132000 289.85 505.0
21135600 289.85 406.0
21139200 289.35 272.0
21142800 287.25 120.0
21146400 285.55 11.0
21150000 284.75 0.0
21153600 283.85 0.0
21157200 283.05 0.0
21160800 281.75 0.0
21164400 280.85 0.0
21168000 281.05 0.0
21171600 280.05 0.0
21175200 279.65 0.0
21178800 278.75 0.0
21182400 278.35 0.0
21186000 278.15 0.0
21189600 278.15 0.0
21193200 278.45 8.0
21196800 279.95 108.0
21200400 281.95 243.0
21204000 284.25 382.0
21207600 286.45 500.0
21211200 288.85 558.0
21214800 290.05 559.0
21218400 290.45 507.0
21222000 290.35 408.0
21225600 289.65 273.0
21229200 287.75 121.0
21232800 286.05 12.0
21236400 285.45 0.0
21240000 284.95 0.0
21243600 284.25 0.0
21247200 283.45 0.0
21250800 282.75 0.0
21254400 282.25 0.0
21258000 281.05 0.0
21261600 280.05 0.0
21265200 279.45 0.0
21268800 278.95 0.0
21272400 278.65 0.0
21276000 279.05 0.0
21279600 279.15 9.0
21283200 280.65 117.0
21286800 282.95 272.0
21290400 285.35 411.0
21294000 287.45 514.0
21297600 289.85 569.0
21301200 290.55 570.0
21304800 290.85 521.0
21308400 290.55 424.0
21312000 289.75 287.0
21315600 287.85 131.0
21319200 286.15 14.0
21322800 285.45 0.0
21326400 284.65 0.0
21330000 283.65 0.0
21333600 282.95 0.0
21337200 282.25 0.0
21340800 281.95 0.0
21344400 281.15 0.0
21348000 280.45 0.0
21351600 279.85 0.0
21355200 279.45 0.0
21358800 279.15 0.0
21362400 279.15 0.0
21366000 279.05 11.0
21369600 280.75 120.0
21373200 283.15 273.0
21376800 285.45 410.0
21380400 287.25 512.0
21384000 289.05 563.0
21387600 290.25 563.0
21391200 290.85 490.0
21394800 290.75 332.0
21398400 290.35 215.0
21402000 288.85 126.0
21405600 287.05 15.0
21409200 286.35 0.0
21412800 285.65 0.0
21416400 285.15 0.0
21420000 284.35 0.0
21423600 283.65 0.0
21427200 282.55 0.0
21430800 281.75 0.0
21434400 281.95 0.0
21438000 281.45 0.0
21441600 281.25 0.0
21445200 280.65 0.0
21448800 281.95 0.0
21452400 282.45 4.0
21456000 283.55 58.0
21459600 284.85 134.0
21463200 286.55 285.0
21466800 288.35 428.0
21470400 287.75 538.0
21474000 289.35 471.0
21477600 290.45 503.0
21481200 290.65 400.0
21484800 290.35 268.0
21488400 288.95 108.0
21492000 287.55 13.0
21495600 287.25 0.0
21499200 286.55 0.0
21502800 285.85 0.0
21506400 285.05 0.0
21510000 284.25 0.0
21513600 284.55 0.0
21517200 283.95 0.0
21520800 283.15 0.0
21524400 282.45 0.0
21528000 281.95 0.0
21531600 281.55 0.0
21535200 281.65 0.0
21538800 281.55 14.0
21542400 282.95 125.0
21546000 284.65 270.0
21549600 286.05 349.0
21553200 287.85 484.0
21556800 288.85 553.0
21560400 289.95 542.0
21564000 290.55 496.0
21567600 290.75 424.0
21571200 290.35 290.0
21574800 288.95 138.0
21578400 287.45 18.0
21582000 286.25 0.0
21585600 284.95 0.0
21589200 284.05 0.0
21592800 283.05 0.0
21596400 281.85 0.0
21600000 281.55 0.0
21603600 280.75 0.0
21607200 280.15 0.0
21610800 279.85 0.0
21614400 279.85 0.0
21618000 279.75 0.0
21621600 279.85 0.0
21625200 279.85 9.0
21628800 280.35 75.0
21632400 281.65 166.0
21636000 283.95 325.0
21639600 286.35 492.0
21643200 286.55 572.0
21646800 288.35 578.0
21650400 289.55 528.0
21654000 290.25 431.0
21657600 290.35 296.0
21661200 289.35 139.0
21664800 287.45 19.0
21668400 286.15 0.0
21672000 284.95 0.0
21675600 283.85 0.0
21679200 283.25 0.0
21682800 283.55 0.0
21686400 282.45 0.0
21690000 281.75 0.0
21693600 281.25 0.0
21697200 280.85 0.0
21700800 280.55 0.0
21704400 280.05 0.0
21708000 279.75 0.0
21711600 279.65 18.0
21715200 281.25 139.0
21718800 283.75 293.0
21722400 286.05 430.0
21726000 287.85 531.0
21729600 289.35 586.0
21733200 289.75 556.0
21736800 289.85 486.0
21740400 289.85 364.0
21744000 289.25 266.0
21747600 287.85 126.0
21751200 286.15 19.0
21754800 285.85 0.0
21758400 285.05 0.0
21762000 284.35 0.0
21765600 283.95 0.0
21769200 283.15 0.0
21772800 283.75 0.0
21776400 283.35 0.0
21780000 282.55 0.0
21783600 282.75 0.0
21787200 282.55 0.0
21790800 281.95 0.0
21794400 282.15 0.0
21798000 282.15 18.0
21801600 283.45 134.0
21805200 284.85 265.0
21808800 286.55 425.0
21812400 287.65 527.0
21816000 288.25 567.0
21819600 288.45 387.0
21823200 288.05 187.0
21826800 288.25 308.0
21830400 287.55 225.0
21834000 286.35 87.0
21837600 285.15 16.0
21841200 284.95 0.0
21844800 284.25 0.0
21848400 283.65 0.0
21852000 283.45 0.0
21855600 283.15 0.0
21859200 283.35 0.0
21862800 283.25 0.0
21866400 283.25 0.0
21870000 283.25 0.0
21873600 283.15 0.0
21877200 283.05 0.0
21880800 282.95 0.0
21884400 282.65 3.0
21888000 282.75 15.0
21891600 283.05 33.0
21895200 283.45 64.0
21898800 283.35 65.0
21902400 284.45 112.0
21906000 285.55 305.0
21909600 285.55 198.0
21913200 285.25 339.0
21916800 285.25 303.0
21920400 284.65 150.0
21924000 283.55 26.0
21927600 282.45 0.0
21931200 281.55 0.0
21934800 280.85 0.0
21938400 280.05 0.0
21942000 279.55 0.0
21945600 279.55 0.0
21949200 278.75 0.0
21952800 278.15 0.0
21956400 277.55 0.0
21960000 277.15 0.0
21963600 276.75 0.0
21967200 276.65 0.0
21970800 276.85 26.0
21974400 278.35 157.0
21978000 280.25 261.0
21981600 282.35 380.0
21985200 284.25 523.0
21988800 285.25 594.0
21992400 285.65 455.0
21996000 285.55 294.0
21999600 285.35 176.0
22003200 285.45 142.0
22006800 285.05 75.0
22010400 283.85 27.0
22014000 283.35 0.0
22017600 283.05 0.0
22021200 282.75 0.0
22024800 282.75 0.0
22028400 282.35 0.0
22032000 282.45 0.0
22035600 282.35 0.0
22039200 282.05 0.0
22042800 282.25 0.0
22046400 282.95 0.0
22050000 283.05 0.0
22053600 283.45 0.0
22057200 283.75 7.0
22060800 284.15 24.0
22064400 284.45 58.0
22068000 284.75 74.0
22071600 284.95 139.0
22075200 282.45 72.0
22078800 280.65 54.0
22082400 281.15 52.0
22086000 280.95 42.0
22089600 281.05 35.0
22093200 280.95 23.0
22096800 280.35 4.0
22100400 279.85 0.0
22104000 279.45 0.0
22107600 279.15 0.0
22111200 279.25 0.0
22114800 278.75 0.0
22118400 277.85 0.0
22122000 276.25 0.0
22125600 276.05 0.0
22129200 276.45 0.0
22132800 276.95 0.0
22136400 276.65 0.0
22140000 276.05 0.0
22143600 276.35 30.0
22147200 277.55 168.0
22150800 278.55 288.0
22154400 279.55 370.0
22158000 280.75 487.0
22161600 280.95 521.0
22165200 281.05 217.0
22168800 281.75 419.0
22172400 281.75 300.0
22176000 281.55 213.0
22179600 281.05 146.0
22183200 279.15 30.0
22186800 279.15 0.0
22190400 278.85 0.0
22194000 278.45 0.0
22197600 277.55 0.0
22201200 276.65 0.0
22204800 276.55 0.0
22208400 275.95 0.0
22212000 275.55 0.0
22215600 275.25 0.0
22219200 274.75 0.0
22222800 274.25 0.0
22226400 273.95 0.0
22230000 274.85 37.0
22233600 276.55 177.0
22237200 278.75 346.0
22240800 280.75 489.0
22244400 282.15 592.0
22248000 283.45 646.0
22251600 284.35 640.0
22255200 284.95 585.0
22258800 285.45 474.0
22262400 285.05 338.0
22266000 283.65 173.0
22269600 282.15 36.0
22273200 281.35 0.0
22276800 280.95 0.0
22280400 280.65 0.0
22284000 281.25 0.0
22287600 281.45 0.0
22291200 281.95 0.0
22294800 281.95 0.0
22298400 281.85 0.0
22302000 281.15 0.0
22305600 280.65 0.0
22309200 280.85 0.0
22312800 280.45 0.0
22316400 280.45 33.0
22320000 281.15 73.0
22323600 282.45 198.0
22327200 283.25 293.0
22330800 284.35 392.0
22334400 283.85 198.0
22338000 284.95 286.0
22341600 284.65 142.0
22345200 284.65 127.0
22348800 284.85 115.0
22352400 284.25 48.0
22356000 283.65 14.0
22359600 283.25 0.0
22363200 282.95 0.0
22366800 282.55 0.0
22370400 281.55 0.0
22374000 280.95 0.0
22377600 280.65 0.0
22381200 280.35 0.0
22384800 279.75 0.0
22388400 279.05 0.0
22392000 278.65 0.0
22395600 278.25 0.0
22399200 277.95 0.0
22402800 278.35 40.0
22406400 280.05 182.0
22410000 282.45 341.0
22413600 284.75 472.0
22417200 286.15 578.0
22420800 287.65 631.0
22424400 288.45 631.0
22428000 288.95 572.0
22431600 289.05 476.0
22435200 288.65 340.0
22438800 287.65 181.0
22442400 286.25 39.0
22446000 285.45 0.0
22449600 284.55 0.0
22453200 283.65 0.0
22456800 283.25 0.0
22460400 282.85 0.0
22464000 282.25 0.0
22467600 281.75 0.0
22471200 281.15 0.0
22474800 280.75 0.0
22478400 280.55 0.0
22482000 280.35 0.0
22485600 280.55 0.0
22489200 281.05 47.0
22492800 282.65 195.0
22496400 284.15 357.0
22500000 285.05 505.0
22503600 285.95 617.0
22507200 287.75 672.0
22510800 288.15 673.0
22514400 288.15 619.0
22518000 287.95 512.0
22521600 287.45 365.0
22525200 286.35 198.0
22528800 285.55 45.0
22532400 284.65 0.0
22536000 283.95 0.0
22539600 283.45 0.0
22543200 282.85 0.0
22546800 282.15 0.0
22550400 281.65 0.0
22554000 280.85 0.0
22557600 280.25 0.0
22561200 279.85 0.0
22564800 279.45 0.0
22568400 279.05 0.0
22572000 278.85 0.0
22575600 279.45 54.0
22579200 281.25 209.0
22582800 283.15 374.0
22586400 284.85 516.0
22590000 286.25 618.0
22593600 287.95 670.0
22597200 288.65 669.0
22600800 289.15 613.0
22604400 289.45 508.0
22608000 289.05 364.0
22611600 287.85 198.0
22615200 286.15 44.0
22618800 285.15 0.0
22622400 283.85 0.0
22626000 282.75 0.0
22629600 282.15 0.0
22633200 281.35 0.0
22636800 280.95 0.0
22640400 280.05 0.0
22644000 279.25 0.0
22647600 278.75 0.0
22651200 278.05 0.0
22654800 277.45 0.0
22658400 277.35 0.0
22662000 278.15 47.0
22665600 279.95 194.0
22669200 282.25 364.0
22672800 284.65 514.0
22676400 286.75 616.0
22680000 288.85 666.0
22683600 289.45 658.0
22687200 289.55 607.0
22690800 289.45 505.0
22694400 288.95 363.0
22698000 287.85 199.0
22701600 286.15 49.0
22705200 285.05 0.0
22708800 283.95 0.0
22712400 282.85 0.0
22716000 282.25 0.0
22719600 281.65 0.0
22723200 281.15 0.0
22726800 280.35 0.0
22730400 279.85 0.0
22734000 279.45 0.0
22737600 279.75 0.0
22741200 279.75 0.0
22744800 278.95 0.0
22748400 279.35 51.0
22752000 280.45 201.0
22755600 282.25 373.0
22759200 284.15 512.0
22762800 285.95 613.0
22766400 287.75 664.0
22770000 288.75 662.0
22773600 289.25 607.0
22777200 289.25 499.0
22780800 288.85 332.0
22784400 287.95 167.0
22788000 286.25 45.0
22791600 284.75 0.0
22795200 283.65 0.0
22798800 282.75 0.0
22802400 281.95 0.0
22806000 281.25 0.0
22809600 280.75 0.0
22813200 280.15 0.0
22816800 279.45 0.0
22820400 278.85 0.0
22824000 278.35 0.0
22827600 278.15 0.0
22831200 277.65 0.0
22834800 278.65 47.0
22838400 280.35 158.0
22842000 282.55 361.0
22845600 284.45 526.0
22849200 285.55 592.0
22852800 286.45 671.0
22856400 287.35 652.0
22860000 287.45 483.0
22863600 287.55 377.0
22867200 287.15 245.0
22870800 286.45 109.0
22874400 285.15 31.0
22878000 284.75 0.0
22881600 283.65 0.0
22885200 282.55 0.0
22888800 281.75 0.0
22892400 281.45 0.0
22896000 281.05 0.0
22899600 280.15 0.0
22903200 279.55 0.0
22906800 279.15 0.0
22910400 278.65 0.0
22914000 278.35 0.0
22917600 277.85 1.0
22921200 278.55 65.0
22924800 280.15 215.0
22928400 282.15 387.0
22932000 284.15 529.0
22935600 285.95 629.0
22939200 287.55 681.0
22942800 288.35 682.0
22946400 288.65 615.0
22950000 288.55 493.0
22953600 288.35 352.0
22957200 288.05 198.0
22960800 286.05 55.0
22964400 284.75 0.0
22968000 283.65 0.0
22971600 282.75 0.0
22975200 281.85 0.0
22978800 281.35 0.0
22982400 280.15 0.0
22986000 279.35 0.0
22989600 279.15 0.0
22993200 278.85 0.0
22996800 278.35 0.0
23000400 277.85 0.0
23004000 278.05 1.0
23007600 279.35 72.0
23011200 282.25 226.0
23014800 285.15 384.0
23018400 287.15 497.0
23022000 288.25 577.0
23025600 289.35 623.0
23029200 289.95 641.0
23032800 289.85 540.0
23036400 289.55 404.0
23040000 289.15 291.0
23043600 288.25 157.0
23047200 287.65 40.0
23050800 286.75 0.0
23054400 286.25 0.0
23058000 285.45 0.0
23061600 284.65 0.0
23065200 283.85 0.0
23068800 283.35 0.0
23072400 282.55 0.0
23076000 282.85 0.0
23079600 282.95 0.0
23083200 282.85 0.0
23086800 282.45 0.0
23090400 281.05 1.0
23094000 281.15 20.0
23097600 281.05 174.0
23101200 280.35 327.0
23104800 281.05 367.0
23108400 281.85 510.0
23112000 279.75 562.0
23115600 280.65 459.0
23119200 281.45 429.0
23122800 280.95 349.0
23126400 281.05 301.0
23130000 281.05 195.0
23133600 279.35 59.0
23137200 278.65 0.0
23140800 278.25 0.0
23144400 277.75 0.0
23148000 277.05 0.0
23151600 276.65 0.0
23155200 276.95 0.0
23158800 276.75 0.0
23162400 276.35 0.0
23166000 276.05 0.0
23169600 275.85 0.0
23173200 275.65 0.0
23176800 276.05 2.0
23180400 276.85 83.0
23184000 278.25 244.0
23187600 279.65 412.0
23191200 280.85 541.0
23194800 281.65 597.0
23198400 279.15 631.0
23202000 281.45 471.0
23205600 281.35 478.0
23209200 281.75 463.0
23212800 281.95 350.0
23216400 281.05 219.0
23220000 280.15 62.0
23223600 278.95 0.0
23227200 278.25 0.0
23230800 277.55 0.0
23234400 276.65 0.0
23238000 275.95 0.0
23241600 275.75 0.0
23245200 275.05 0.0
23248800 274.55 0.0
23252400 274.25 0.0
23256000 273.85 0.0
23259600 273.35 0.0
23263200 273.95 3.0
23266800 276.15 49.0
23270400 278.75 236.0
23274000 280.65 404.0
23277600 281.55 504.0
23281200 282.15 510.0
23284800 282.35 510.0
23288400 282.65 484.0
23292000 282.85 250.0
23295600 283.05 150.0
23299200 282.85 105.0
23302800 282.75 63.0
23306400 282.45 23.0
23310000 281.65 0.0
23313600 281.05 0.0
23317200 280.75 0.0
23320800 280.55 0.0
23324400 280.55 0.0
23328000 280.85 0.0
23331600 280.95 0.0
23335200 280.85 0.0
23338800 280.85 0.0
23342400 281.05 0.0
23346000 281.45 0.0
23349600 281.05 0.0
23353200 280.15 12.0
23356800 281.15 196.0
23360400 281.65 273.0
23364000 282.65 465.0
23367600 282.95 557.0
23371200 282.95 653.0
23374800 283.35 604.0
23378400 283.65 572.0
23382000 283.35 454.0
23385600 282.75 304.0
23389200 280.95 225.0
23392800 280.55 66.0
23396400 279.85 1.0
23400000 279.35 0.0
23403600 278.45 0.0
23407200 277.85 0.0
23410800 277.35 0.0
23414400 275.55 0.0
23418000 275.25 0.0
23421600 275.65 0.0
23425200 275.55 0.0
23428800 275.35 0.0
23432400 275.15 0.0
23436000 275.45 4.0
23439600 276.65 98.0
23443200 278.35 264.0
23446800 280.15 432.0
23450400 281.55 567.0
23454000 282.35 592.0
23457600 283.55 714.0
23461200 284.05 558.0
23464800 284.05 394.0
23468400 283.75 279.0
23472000 283.75 290.0
23475600 283.05 85.0
23479200 282.55 40.0
23482800 281.95 1.0
23486400 281.85 0.0
23490000 281.15 0.0
23493600 281.25 0.0
23497200 281.25 0.0
23500800 281.45 0.0
23504400 281.45 0.0
23508000 281.45 0.0
23511600 281.65 0.0
23515200 281.85 0.0
23518800 282.15 0.0
23522400 281.55 4.0
23526000 282.25 74.0
23529600 282.95 215.0
23533200 283.85 355.0
23536800 284.75 492.0
23540400 285.35 600.0
23544000 285.45 540.0
23547600 285.25 384.0
23551200 284.95 326.0
23554800 284.55 256.0
23558400 283.65 217.0
23562000 283.25 181.0
23565600 283.25 74.0
23569200 282.25 1.0
23572800 281.55 0.0
23576400 280.85 0.0
23580000 280.15 0.0
23583600 279.45 0.0
23587200 280.35 0.0
23590800 280.25 0.0
23594400 279.85 0.0
23598000 279.75 0.0
23601600 279.45 0.0
23605200 278.95 0.0
23608800 279.45 4.0
23612400 279.85 24.0
23616000 280.25 54.0
23619600 281.15 129.0
23623200 282.25 218.0
23626800 283.05 260.0
23630400 283.35 165.0
23634000 283.15 128.0
23637600 283.05 122.0
23641200 283.35 163.0
23644800 283.65 131.0
23648400 283.75 109.0
23652000 283.25 44.0
23655600 282.75 1.0
23659200 282.45 0.0
23662800 282.35 0.0
23666400 282.15 0.0
23670000 282.15 0.0
23673600 282.55 0.0
23677200 282.35 0.0
23680800 282.35 0.0
23684400 281.65 0.0
23688000 281.75 0.0
23691600 281.65 0.0
23695200 282.05 2.0
23698800 282.55 32.0
23702400 283.45 159.0
23706000 284.55 289.0
23709600 285.05 250.0
23713200 284.45 140.0
23716800 283.65 194.0
23720400 284.55 245.0
23724000 284.65 165.0
23727600 284.05 134.0
23731200 284.05 100.0
23734800 283.55 77.0
23738400 282.75 26.0
23742000 282.35 1.0
23745600 281.75 0.0
23749200 281.75 0.0
23752800 280.95 0.0
23756400 280.25 0.0
23760000 281.75 0.0
23763600 281.45 0.0
23767200 281.25 0.0
23770800 281.05 0.0
23774400 280.85 0.0
23778000 280.75 0.0
23781600 280.85 3.0
23785200 280.95 19.0
23788800 281.55 56.0
23792400 281.95 65.0
23796000 282.65 101.0
23799600 284.75 424.0
23803200 285.25 376.0
23806800 285.35 224.0
23810400 286.25 479.0
23814000 286.55 402.0
23817600 285.95 318.0
23821200 285.55 204.0
23824800 284.45 78.0
23828400 283.35 3.0
23832000 282.25 0.0
23835600 280.85 0.0
23839200 279.75 0.0
23842800 278.85 0.0
23846400 278.15 0.0
23850000 277.65 0.0
23853600 277.05 0.0
23857200 276.45 0.0
23860800 276.25 0.0
23864400 276.25 0.0
23868000 276.95 7.0
23871600 277.65 40.0
23875200 278.95 95.0
23878800 280.85 222.0
23882400 283.95 564.0
23886000 285.95 635.0
23889600 285.75 516.0
23893200 285.55 210.0
23896800 285.15 146.0
23900400 284.15 69.0
23904000 283.75 49.0
23907600 283.65 36.0
23911200 284.05 17.0
23914800 283.95 1.0
23918400 284.05 0.0
23922000 284.45 0.0
23925600 284.75 0.0
23929200 284.95 0.0
23932800 285.55 0.0
23936400 285.35 0.0
23940000 285.25 0.0
23943600 285.15 0.0
23947200 284.95 0.0
23950800 284.55 0.0
23954400 284.85 6.0
23958000 285.25 42.0
23961600 286.55 201.0
23965200 287.35 294.0
23968800 287.95 358.0
23972400 288.95 523.0
23976000 288.95 593.0
23979600 289.85 647.0
23983200 290.05 507.0
23986800 290.65 538.0
23990400 290.65 415.0
23994000 290.15 258.0
23997600 289.35 94.0
24001200 288.05 4.0
24004800 287.25 0.0
24008400 287.05 0.0
24012000 287.05 0.0
24015600 287.05 0.0
24019200 287.55 0.0
24022800 286.85 0.0
24026400 286.05 0.0
24030000 284.85 0.0
24033600 283.65 0.0
24037200 282.85 0.0
24040800 283.05 12.0
24044400 284.25 107.0
24048000 285.35 187.0
24051600 285.55 117.0
24055200 285.65 169.0
24058800 286.85 391.0
24062400 288.35 478.0
24066000 288.25 498.0
24069600 288.75 457.0
24073200 288.35 354.0
24076800 287.95 295.0
24080400 287.25 190.0
24084000 285.95 93.0
24087600 284.35 5.0
24091200 283.25 0.0
24094800 282.35 0.0
24098400 281.45 0.0
24102000 280.95 0.0
24105600 279.85 0.0
24109200 278.95 0.0
24112800 278.55 0.0
24116400 278.05 0.0
24120000 277.65 0.0
24123600 277.55 0.0
24127200 278.35 14.0
24130800 279.75 138.0
24134400 282.05 308.0
24138000 284.45 473.0
24141600 286.45 608.0
24145200 287.95 703.0
24148800 289.05 748.0
24152400 289.85 739.0
24156000 290.25 678.0
24159600 290.35 570.0
24163200 290.05 426.0
24166800 289.35 262.0
24170400 288.25 100.0
24174000 286.55 6.0
24177600 285.55 0.0
24181200 284.45 0.0
24184800 283.55 0.0
24188400 282.85 0.0
24192000 282.15 0.0
24195600 281.35 0.0
24199200 281.05 0.0
24202800 280.75 0.0
24206400 280.35 0.0
24210000 280.15 0.0
24213600 280.95 19.0
24217200 282.45 145.0
24220800 284.85 315.0
24224400 287.45 480.0
24228000 290.15 617.0
24231600 292.45 711.0
24235200 295.05 756.0
24238800 295.95 752.0
24242400 296.15 691.0
24246000 295.85 584.0
24249600 295.15 439.0
24253200 293.95 272.0
24256800 292.45 107.0
24260400 290.45 7.0
24264000 289.25 0.0
24267600 287.95 0.0
24271200 286.85 0.0
24274800 285.65 0.0
24278400 284.55 0.0
24282000 283.75 0.0
24285600 283.05 0.0
24289200 282.55 0.0
24292800 281.95 0.0
24296400 281.35 0.0
24300000 282.85 21.0
24303600 284.35 151.0
24307200 286.45 323.0
24310800 288.85 487.0
24314400 291.25 623.0
24318000 293.35 718.0
24321600 296.05 763.0
24325200 297.05 757.0
24328800 297.35 698.0
24332400 297.25 591.0
24336000 296.75 446.0
24339600 295.55 277.0
24343200 293.85 111.0
24346800 291.65 8.0
24350400 290.25 0.0
24354000 288.75 0.0
24357600 287.25 0.0
24361200 286.35 0.0
24364800 284.95 0.0
24368400 283.75 0.0
24372000 282.75 0.0
24375600 281.95 0.0
24379200 281.15 0.0
24382800 280.85 0.0
24386400 282.55 24.0
24390000 284.45 156.0
24393600 287.25 327.0
24397200 290.25 489.0
24400800 293.05 622.0
24404400 295.05 716.0
24408000 297.15 760.0
24411600 298.35 749.0
24415200 298.95 686.0
24418800 296.45 489.0
24422400 296.25 320.0
24426000 295.65 210.0
24429600 293.55 76.0
24433200 290.15 2.0
24436800 289.85 0.0
24440400 288.05 0.0
24444000 286.15 0.0
24447600 285.35 0.0
24451200 284.75 0.0
24454800 284.05 0.0
24458400 283.35 0.0
24462000 282.35 0.0
24465600 282.15 0.0
24469200 281.65 0.0
24472800 281.55 23.0
24476400 282.35 122.0
24480000 283.45 275.0
24483600 284.65 456.0
24487200 285.95 629.0
24490800 287.15 729.0
24494400 287.65 768.0
24498000 288.65 604.0
24501600 289.15 587.0
24505200 289.45 550.0
24508800 288.85 295.0
24512400 288.35 205.0
24516000 287.65 88.0
24519600 286.45 9.0
24523200 285.65 0.0
24526800 284.85 0.0
24530400 284.35 0.0
24534000 284.15 0.0
24537600 283.65 0.0
24541200 283.45 0.0
24544800 283.25 0.0
24548400 282.95 0.0
24552000 283.15 0.0
24555600 283.25 0.0
24559200 283.65 25.0
24562800 285.05 140.0
24566400 287.05 229.0
24570000 288.15 229.0
24573600 288.05 176.0
24577200 289.55 326.0
24580800 288.85 240.0
24584400 288.65 350.0
24588000 288.65 391.0
24591600 283.55 133.0
24595200 282.95 94.0
24598800 282.75 42.0
24602400 282.45 29.0
24606000 281.85 6.0
24609600 281.55 0.0
24613200 281.15 0.0
24616800 280.85 0.0
24620400 280.55 0.0
24624000 280.55 0.0
24627600 280.15 0.0
24631200 279.85 0.0
24634800 279.45 0.0
24638400 279.05 0.0
24642000 278.65 0.0
24645600 278.65 24.0
24649200 279.65 134.0
24652800 281.15 257.0
24656400 282.55 356.0
24660000 284.25 531.0
24663600 285.25 493.0
24667200 285.45 423.0
24670800 285.65 432.0
24674400 286.15 437.0
24678000 286.25 415.0
24681600 285.95 314.0
24685200 285.55 186.0
24688800 284.85 93.0
24692400 283.75 9.0
24696000 282.75 0.0
24699600 281.95 0.0
24703200 281.35 0.0
24706800 280.85 0.0
24710400 280.25 0.0
24714000 279.85 0.0
24717600 280.05 0.0
24721200 280.25 0.0
24724800 280.05 0.0
24728400 279.95 0.0
24732000 280.25 19.0
24735600 281.15 85.0
24739200 282.85 231.0
24742800 284.15 374.0
24746400 284.95 477.0
24750000 285.95 548.0
24753600 286.65 395.0
24757200 285.55 417.0
24760800 284.95 368.0
24764400 286.45 486.0
24768000 285.45 357.0
24771600 285.05 167.0
24775200 283.15 93.0
24778800 282.05 12.0
24782400 281.65 0.0
24786000 281.05 0.0
24789600 280.55 0.0
24793200 280.15 0.0
24796800 279.75 0.0
24800400 278.75 0.0
24804000 278.45 0.0
24807600 277.95 0.0
24811200 277.65 0.0
24814800 277.45 0.0
24818400 277.95 30.0
24822000 279.05 149.0
24825600 281.55 306.0
24829200 283.95 502.0
24832800 285.65 651.0
24836400 286.95 750.0
24840000 287.95 776.0
24843600 288.85 775.0
24847200 289.35 694.0
24850800 289.55 567.0
24854400 289.35 418.0
24858000 288.75 272.0
24861600 287.65 118.0
24865200 285.65 14.0
24868800 284.05 0.0
24872400 282.95 0.0
24876000 282.45 0.0
24879600 282.05 0.0
24883200 281.65 0.0
24886800 280.85 0.0
24890400 280.55 0.0
24894000 280.05 0.0
24897600 279.35 0.0
24901200 278.85 0.0
24904800 280.15 40.0
24908400 281.75 182.0
24912000 284.35 352.0
24915600 287.45 518.0
24919200 289.55 657.0
24922800 290.15 605.0
24926400 290.05 422.0
24930000 290.25 275.0
24933600 290.45 285.0
24937200 289.45 162.0
24940800 289.55 213.0
24944400 289.75 251.0
24948000 289.35 102.0
24951600 288.15 12.0
24955200 287.55 0.0
24958800 286.85 0.0
24962400 286.25 0.0
24966000 285.55 0.0
24969600 285.75 0.0
24973200 284.95 0.0
24976800 284.15 0.0
24980400 283.25 0.0
24984000 282.35 0.0
24987600 281.65 0.0
24991200 282.35 39.0
24994800 283.55 160.0
24998400 285.25 335.0
25002000 286.95 470.0
25005600 288.35 600.0
25009200 289.35 705.0
25012800 290.25 762.0
25016400 290.55 598.0
25020000 290.65 480.0
25023600 290.85 456.0
25027200 290.55 305.0
25030800 290.05 224.0
25034400 288.95 103.0
25038000 287.65 15.0
25041600 286.25 0.0
25045200 285.55 0.0
25048800 285.05 0.0
25052400 283.65 0.0
25056000 282.95 0.0
25059600 281.85 0.0
25063200 280.75 0.0
25066800 281.15 0.0
25070400 280.45 0.0
25074000 280.25 0.0
25077600 281.35 41.0
25081200 283.55 191.0
25084800 286.45 349.0
25088400 289.15 498.0
25092000 290.85 633.0
25095600 291.95 757.0
25099200 293.05 721.0
25102800 293.55 574.0
25106400 292.95 310.0
25110000 293.15 289.0
25113600 293.45 329.0
25117200 293.05 204.0
25120800 291.75 103.0
25124400 290.05 13.0
25128000 289.05 0.0
25131600 287.65 0.0
25135200 286.35 0.0
25138800 285.25 0.0
25142400 284.65 0.0
25146000 283.85 0.0
25149600 283.25 0.0
25153200 282.95 0.0
25156800 282.75 0.0
25160400 282.85 0.0
25164000 283.95 46.0
25167600 285.95 191.0
25171200 288.35 355.0
25174800 290.95 494.0
25178400 292.75 562.0
25182000 294.05 640.0
25185600 294.95 650.0
25189200 295.25 568.0
25192800 295.15 507.0
25196400 294.95 454.0
25200000 293.35 348.0
25203600 291.25 270.0
25207200 289.65 103.0
25210800 288.75 11.0
25214400 287.25 0.0
25218000 286.45 0.0
25221600 285.35 0.0
25225200 283.85 0.0
25228800 282.75 0.0
25232400 281.85 0.0
25236000 281.15 0.0
25239600 280.55 0.0
25243200 280.15 0.0
25246800 279.75 0.0
25250400 280.35 54.0
25254000 282.05 202.0
25257600 284.25 375.0
25261200 286.55 536.0
25264800 288.55 668.0
25268400 289.75 720.0
25272000 290.25 735.0
25275600 290.55 604.0
25279200 290.45 402.0
25282800 290.05 296.0
25286400 290.35 440.0
25290000 289.55 207.0
25293600 289.05 86.0
25297200 287.55 20.0
25300800 287.05 0.0
25304400 286.05 0.0
25308000 285.15 0.0
25311600 284.25 0.0
25315200 283.15 0.0
25318800 282.25 0.0
25322400 281.55 0.0
25326000 280.85 0.0
25329600 280.15 0.0
25333200 279.55 0.0
25336800 280.45 55.0
25340400 282.05 202.0
25344000 283.95 370.0
25347600 285.65 541.0
25351200 286.85 675.0
25354800 288.05 771.0
25358400 288.75 717.0
25362000 288.95 669.0
25365600 289.25 613.0
25369200 288.85 520.0
25372800 288.15 395.0
25376400 287.45 237.0
25380000 287.15 115.0
25383600 285.85 18.0
25387200 285.05 0.0
25390800 284.25 0.0
25394400 283.35 0.0
25398000 282.45 0.0
25401600 281.35 0.0
25405200 280.45 0.0
25408800 279.65 0.0
25412400 279.15 0.0
25416000 278.65 0.0
25419600 278.25 0.0
25423200 279.35 63.0
25426800 281.05 219.0
25430400 283.35 396.0
25434000 285.65 561.0
25437600 286.85 696.0
25441200 287.65 788.0
25444800 288.45 843.0
25448400 289.15 685.0
25452000 288.35 465.0
25455600 288.15 436.0
25459200 287.55 291.0
25462800 287.35 171.0
25466400 287.45 131.0
25470000 286.05 25.0
25473600 284.95 0.0
25477200 284.35 0.0
25480800 283.85 0.0
25484400 282.95 0.0
25488000 282.35 0.0
25491600 281.85 0.0
25495200 281.55 0.0
25498800 281.25 0.0
25502400 280.95 0.0
25506000 280.65 1.0
25509600 281.45 67.0
25513200 282.85 225.0
25516800 284.65 403.0
25520400 286.65 569.0
25524000 288.25 704.0
25527600 289.55 790.0
25531200 290.65 831.0
25534800 291.45 829.0
25538400 291.75 765.0
25542000 291.75 653.0
25545600 291.25 508.0
25549200 290.65 338.0
25552800 290.25 163.0
25556400 288.95 28.0
25560000 287.75 0.0
25563600 286.55 0.0
25567200 285.75 0.0
25570800 285.05 0.0
25574400 284.25 0.0
25578000 283.15 0.0
25581600 282.45 0.0
25585200 281.75 0.0
25588800 281.15 0.0
25592400 280.75 1.0
25596000 282.05 73.0
25599600 283.95 235.0
25603200 286.45 414.0
25606800 289.05 581.0
25610400 291.35 716.0
25614000 292.65 808.0
25617600 294.15 850.0
25621200 294.95 837.0
25624800 295.35 773.0
25628400 295.25 662.0
25632000 294.75 514.0
25635600 293.85 342.0
25639200 293.45 167.0
25642800 291.75 30.0
25646400 290.45 0.0
25650000 288.75 0.0
25653600 287.65 0.0
25657200 286.75 0.0
25660800 285.35 0.0
25664400 284.15 0.0
25668000 283.35 0.0
25671600 282.55 0.0
25675200 281.85 0.0
25678800 281.15 1.0
25682400 282.75 76.0
25686000 284.55 238.0
25689600 286.75 417.0
25693200 289.15 584.0
25696800 291.55 721.0
25700400 293.55 815.0
25704000 294.95 857.0
25707600 296.05 845.0
25711200 296.45 782.0
25714800 296.15 669.0
25718400 295.35 520.0
25722000 294.35 348.0
25725600 293.65 172.0
25729200 292.05 33.0
25732800 290.75 0.0
25736400 289.35 0.0
25740000 287.95 0.0
25743600 286.75 0.0
25747200 284.85 0.0
25750800 283.35 0.0
25754400 282.35 0.0
25758000 281.45 0.0
25761600 280.85 0.0
25765200 280.15 2.0
25768800 281.75 79.0
25772400 283.65 241.0
25776000 286.35 419.0
25779600 289.25 583.0
25783200 291.95 717.0
25786800 294.15 809.0
25790400 294.85 851.0
25794000 296.45 839.0
25797600 297.05 764.0
25801200 297.15 636.0
25804800 297.05 517.0
25808400 296.25 344.0
25812000 294.25 165.0
25815600 292.45 29.0
25819200 291.25 0.0
25822800 290.45 0.0
25826400 289.05 0.0
25830000 287.75 0.0
25833600 285.65 0.0
25837200 284.05 0.0
25840800 283.15 0.0
25844400 282.25 0.0
25848000 281.45 0.0
25851600 280.85 2.0
25855200 282.55 82.0
25858800 284.35 247.0
25862400 286.85 427.0
25866000 289.55 593.0
25869600 291.95 731.0
25873200 293.45 772.0
25876800 294.35 854.0
25880400 295.65 834.0
25884000 296.15 772.0
25887600 296.15 656.0
25891200 295.85 511.0
25894800 295.05 313.0
25898400 293.75 116.0
25902000 292.75 19.0
25905600 291.85 0.0
25909200 290.65 0.0
25912800 289.25 0.0
25916400 288.05 0.0
25920000 286.25 0.0
25923600 284.75 0.0
25927200 283.85 0.0
25930800 283.05 0.0
25934400 282.25 0.0
25938000 281.65 3.0
25941600 282.95 69.0
25945200 284.45 229.0
25948800 287.05 418.0
25952400 289.75 560.0
25956000 292.05 661.0
25959600 293.55 699.0
25963200 294.25 771.0
25966800 295.45 699.0
25970400 295.95 646.0
25974000 295.95 518.0
25977600 295.55 412.0
25981200 294.65 225.0
25984800 293.75 150.0
25988400 292.65 34.0
25992000 291.35 0.0
25995600 290.15 0.0
25999200 289.35 0.0
26002800 288.65 0.0
26006400 287.05 0.0
26010000 286.05 0.0
26013600 285.25 0.0
26017200 284.55 0.0
26020800 283.65 0.0
26024400 283.55 3.0
26028000 284.35 46.0
26031600 285.05 121.0
26035200 286.35 294.0
26038800 287.95 493.0
26042400 289.95 690.0
26046000 291.45 723.0
26049600 292.35 830.0
26053200 294.15 789.0
26056800 294.65 734.0
26060400 294.35 562.0
26064000 294.15 432.0
26067600 293.55 286.0
26071200 293.25 136.0
26074800 292.25 36.0
26078400 291.05 0.0
26082000 290.05 0.0
26085600 289.15 0.0
26089200 288.65 0.0
26092800 288.55 0.0
26096400 288.05 0.0
26100000 287.65 0.0
26103600 287.25 0.0
26107200 286.65 0.0
26110800 286.35 3.0
26114400 286.65 58.0
26118000 287.45 155.0
26121600 288.65 279.0
26125200 290.35 438.0
26128800 292.55 665.0
26132400 294.45 768.0
26136000 295.45 820.0
26139600 296.75 815.0
26143200 297.15 757.0
26146800 296.95 647.0
26150400 296.45 500.0
26154000 295.65 333.0
26157600 295.05 172.0
26161200 293.55 39.0
26164800 292.45 0.0
26168400 291.55 0.0
26172000 290.65 0.0
26175600 289.75 0.0
26179200 288.15 0.0
26182800 287.45 0.0
26186400 286.85 0.0
26190000 286.35 0.0
26193600 285.85 0.0
26197200 285.25 5.0
26200800 285.55 96.0
26204400 286.75 260.0
26208000 288.25 438.0
26211600 289.95 601.0
26215200 291.75 733.0
26218800 293.45 823.0
26222400 294.95 863.0
26226000 296.15 854.0
26229600 296.45 788.0
26233200 296.55 674.0
26236800 296.35 526.0
26240400 295.75 356.0
26244000 294.75 184.0
26247600 293.05 43.0
26251200 291.55 0.0
26254800 290.55 0.0
26258400 289.75 0.0
26262000 289.05 0.0
26265600 287.55 0.0
26269200 286.65 0.0
26272800 285.95 0.0
26276400 285.25 0.0
26280000 284.75 0.0
26283600 284.45 5.0
26287200 285.45 92.0
26290800 287.25 248.0
26294400 289.75 416.0
26298000 292.45 574.0
26301600 294.75 701.0
26305200 296.55 787.0
26308800 297.25 826.0
26312400 298.55 785.0
26316000 298.45 616.0
26319600 298.45 507.0
26323200 294.65 315.0
26326800 295.25 219.0
26330400 294.65 109.0
26334000 292.75 17.0
26337600 292.35 0.0
26341200 291.35 0.0
26344800 290.55 0.0
26348400 289.55 0.0
26352000 288.75 0.0
26355600 287.95 0.0
26359200 287.45 0.0
26362800 286.75 0.0
26366400 286.15 0.0
26370000 285.85 6.0
26373600 286.95 69.0
26377200 288.25 173.0
26380800 290.35 285.0
26384400 292.05 332.0
26388000 295.15 679.0
26391600 296.65 772.0
26395200 297.35 729.0
26398800 298.35 738.0
26402400 298.05 613.0
26406000 298.15 639.0
26409600 298.05 445.0
26413200 295.45 262.0
26416800 294.05 104.0
26420400 292.85 30.0
26424000 292.25 0.0
26427600 291.55 0.0
26431200 290.85 0.0
26434800 290.05 0.0
26438400 288.85 0.0
26442000 288.55 0.0
26445600 287.65 0.0
26449200 287.75 0.0
26452800 287.75 0.0
26456400 287.45 1.0
26460000 287.45 16.0
26463600 287.65 31.0
26467200 288.05 81.0
26470800 288.15 146.0
26474400 288.45 188.0
26478000 289.85 343.0
26481600 291.65 598.0
26485200 290.65 342.0
26488800 291.25 403.0
26492400 292.35 519.0
26496000 288.75 350.0
26499600 288.85 146.0
26503200 289.85 128.0
26506800 288.95 35.0
26510400 288.15 0.0
26514000 287.75 0.0
26517600 287.45 0.0
26521200 287.15 0.0
26524800 287.25 0.0
26528400 286.95 0.0
26532000 286.55 0.0
26535600 286.25 0.0
26539200 285.85 0.0
26542800 285.75 6.0
26546400 286.85 63.0
26550000 287.35 121.0
26553600 287.35 88.0
26557200 287.75 156.0
26560800 288.25 190.0
26564400 289.15 261.0
26568000 288.25 318.0
26571600 290.15 510.0
26575200 289.25 303.0
26578800 289.35 281.0
26582400 287.85 64.0
26586000 287.95 71.0
26589600 288.75 76.0
26593200 288.05 23.0
26596800 287.65 0.0
26600400 287.35 0.0
26604000 286.85 0.0
26607600 286.15 0.0
26611200 286.15 0.0
26614800 286.15 0.0
26618400 285.95 0.0
26622000 285.85 0.0
26625600 285.45 0.0
26629200 285.45 4.0
26632800 285.95 39.0
26636400 286.65 139.0
26640000 286.75 109.0
26643600 288.05 243.0
26647200 288.85 261.0
26650800 288.75 258.0
26654400 286.75 186.0
26658000 287.05 148.0
26661600 286.65 156.0
26665200 286.25 78.0
26668800 287.05 246.0
26672400 286.45 76.0
26676000 285.75 30.0
26679600 285.65 8.0
26683200 285.25 0.0
26686800 285.15 0.0
26690400 284.95 0.0
26694000 284.65 0.0
26697600 284.45 0.0
26701200 284.25 0.0
26704800 283.85 0.0
26708400 283.35 0.0
26712000 283.05 0.0
26715600 282.85 3.0
26719200 282.75 12.0
26722800 282.65 30.0
26726400 282.75 62.0
26730000 283.35 115.0
26733600 284.55 231.0
26737200 285.55 300.0
26740800 286.45 412.0
26744400 287.45 551.0
26748000 287.15 339.0
26751600 287.15 359.0
26755200 287.05 350.0
26758800 286.15 221.0
26762400 284.95 131.0
26766000 284.55 16.0
26769600 284.35 0.0
26773200 284.25 0.0
26776800 283.95 0.0
26780400 283.15 0.0
26784000 283.45 0.0
26787600 283.35 0.0
26791200 283.25 0.0
26794800 283.05 0.0
26798400 282.95 0.0
26802000 282.85 4.0
26805600 283.35 40.0
26809200 284.05 163.0
26812800 284.65 236.0
26816400 285.65 347.0
26820000 286.95 572.0
26823600 288.15 750.0
26827200 288.35 656.0
26830800 288.75 440.0
26834400 289.25 484.0
26838000 289.15 390.0
26841600 289.25 352.0
26845200 289.05 244.0
26848800 288.45 179.0
26852400 286.65 55.0
26856000 285.35 1.0
26859600 284.45 0.0
26863200 283.65 0.0
26866800 282.95 0.0
26870400 282.45 0.0
26874000 281.65 0.0
26877600 281.15 0.0
26881200 280.85 0.0
26884800 280.55 0.0
26888400 280.85 13.0
26892000 282.75 117.0
26895600 285.15 280.0
26899200 287.65 452.0
26902800 289.05 609.0
26906400 290.05 736.0
26910000 290.85 792.0
26913600 291.55 763.0
26917200 292.35 735.0
26920800 293.05 786.0
26924400 293.15 621.0
26928000 292.95 476.0
26931600 292.55 348.0
26935200 290.65 188.0
26938800 288.85 60.0
26942400 287.65 1.0
26946000 286.85 0.0
26949600 286.15 0.0
26953200 285.45 0.0
26956800 284.85 0.0
26960400 283.95 0.0
26964000 283.25 0.0
26967600 282.85 0.0
26971200 282.85 0.0
26974800 282.95 12.0
26978400 284.95 110.0
26982000 287.05 273.0
26985600 289.15 440.0
26989200 291.15 596.0
26992800 292.95 713.0
26996400 294.35 810.0
27000000 295.65 842.0
27003600 296.05 819.0
27007200 296.25 765.0
27010800 296.25 641.0
27014400 295.15 477.0
27018000 290.75 274.0
27021600 293.65 123.0
27025200 291.75 62.0
27028800 290.25 1.0
27032400 289.45 0.0
27036000 288.85 0.0
27039600 288.05 0.0
27043200 288.55 0.0
27046800 287.95 0.0
27050400 287.05 0.0
27054000 286.45 0.0
27057600 285.95 0.0
27061200 285.65 12.0
27064800 286.45 52.0
27068400 286.85 113.0
27072000 287.35 184.0
27075600 287.65 234.0
27079200 289.15 360.0
27082800 289.85 278.0
27086400 290.05 377.0
27090000 290.05 219.0
27093600 289.55 107.0
27097200 288.55 172.0
27100800 287.95 78.0
27104400 287.75 42.0
27108000 287.35 37.0
27111600 286.95 14.0
27115200 286.45 0.0
27118800 286.35 0.0
27122400 285.85 0.0
27126000 285.55 0.0
27129600 284.85 0.0
27133200 284.65 0.0
27136800 284.35 0.0
27140400 284.15 0.0
27144000 283.75 0.0
27147600 283.15 3.0
27151200 282.85 19.0
27154800 282.75 30.0
27158400 282.75 44.0
27162000 282.85 87.0
27165600 283.15 156.0
27169200 283.75 244.0
27172800 285.65 596.0
27176400 287.05 753.0
27180000 286.75 500.0
27183600 286.45 429.0
27187200 286.05 237.0
27190800 285.85 193.0
27194400 285.55 157.0
27198000 284.25 56.0
27201600 282.85 1.0
27205200 282.15 0.0
27208800 281.85 0.0
27212400 281.65 0.0
27216000 280.75 0.0
27219600 280.25 0.0
27223200 279.55 0.0
27226800 278.95 0.0
27230400 278.55 0.0
27234000 278.95 18.0
27237600 280.35 132.0
27241200 281.85 306.0
27244800 283.05 479.0
27248400 284.25 637.0
27252000 285.05 688.0
27255600 285.45 564.0
27259200 286.65 627.0
27262800 286.65 500.0
27266400 286.85 359.0
27270000 287.15 389.0
27273600 286.95 242.0
27277200 286.85 198.0
27280800 287.05 159.0
27284400 285.95 54.0
27288000 284.85 2.0
27291600 284.45 0.0
27295200 284.45 0.0
27298800 283.95 0.0
27302400 283.45 0.0
27306000 282.55 0.0
27309600 282.45 0.0
27313200 283.05 0.0
27316800 283.35 0.0
27320400 283.25 13.0
27324000 283.95 107.0
27327600 284.45 255.0
27331200 285.25 399.0
27334800 286.15 512.0
27338400 286.65 458.0
27342000 286.75 466.0
27345600 285.85 378.0
27349200 287.15 432.0
27352800 285.95 355.0
27356400 286.95 523.0
27360000 284.65 299.0
27363600 285.05 307.0
27367200 283.55 175.0
27370800 283.15 55.0
27374400 282.75 2.0
27378000 282.25 0.0
27381600 281.85 0.0
27385200 281.35 0.0
27388800 281.35 0.0
27392400 280.85 0.0
27396000 280.75 0.0
27399600 280.45 0.0
27403200 280.15 0.0
27406800 280.25 19.0
27410400 280.25 94.0
27414000 281.05 142.0
27417600 281.95 222.0
27421200 283.55 478.0
27424800 284.05 384.0
27428400 285.15 509.0
27432000 284.05 722.0
27435600 283.15 436.0
27439200 285.15 730.0
27442800 285.05 566.0
27446400 283.25 431.0
27450000 283.15 249.0
27453600 283.05 203.0
27457200 282.15 66.0
27460800 281.15 3.0
27464400 280.95 0.0
27468000 280.25 0.0
27471600 279.55 0.0
27475200 279.45 0.0
27478800 278.95 0.0
27482400 278.65 0.0
27486000 278.35 0.0
27489600 278.15 0.0
27493200 278.25 22.0
27496800 279.85 143.0
27500400 281.45 312.0
27504000 283.15 486.0
27507600 284.25 586.0
27511200 285.15 688.0
27514800 285.65 702.0
27518400 284.95 815.0
27522000 282.35 344.0
27525600 284.65 561.0
27529200 285.95 564.0
27532800 285.85 317.0
27536400 282.85 210.0
27540000 283.85 176.0
27543600 283.15 66.0
27547200 282.45 3.0
27550800 281.85 0.0
27554400 281.65 0.0
27558000 281.25 0.0
27561600 280.85 0.0
27565200 279.95 0.0
27568800 279.45 0.0
27572400 279.25 0.0
27576000 278.65 0.0
27579600 278.85 24.0
27583200 280.25 145.0
27586800 281.95 291.0
27590400 283.85 482.0
27594000 285.25 616.0
27597600 286.15 727.0
27601200 286.65 696.0
27604800 287.65 340.0
27608400 286.55 537.0
27612000 286.95 584.0
27615600 287.45 557.0
27619200 287.75 515.0
27622800 287.05 203.0
27626400 286.75 89.0
27630000 286.05 31.0
27633600 285.15 1.0
27637200 284.65 0.0
27640800 284.45 0.0
27644400 284.25 0.0
27648000 284.35 0.0
27651600 284.05 0.0
27655200 283.75 0.0
27658800 283.45 0.0
27662400 283.45 0.0
27666000 283.35 6.0
27669600 284.05 42.0
27673200 284.45 79.0
27676800 284.65 80.0
27680400 285.55 180.0
27684000 287.35 511.0
27687600 288.55 638.0
27691200 287.45 234.0
27694800 288.85 696.0
27698400 289.15 501.0
27702000 286.85 283.0
27705600 286.75 159.0
27709200 287.25 230.0
27712800 286.55 115.0
27716400 285.75 24.0
27720000 285.05 1.0
27723600 284.65 0.0
27727200 284.45 0.0
27730800 284.25 0.0
27734400 283.55 0.0
27738000 283.15 0.0
27741600 282.75 0.0
27745200 282.15 0.0
27748800 281.75 0.0
27752400 281.85 24.0
27756000 283.15 122.0
27759600 285.05 284.0
27763200 285.95 416.0
27766800 285.35 346.0
27770400 286.95 677.0
27774000 287.85 738.0
27777600 287.95 747.0
27781200 286.95 657.0
27784800 285.55 205.0
27788400 288.05 648.0
27792000 287.45 332.0
27795600 286.65 115.0
27799200 286.65 198.0
27802800 285.65 78.0
27806400 284.85 4.0
27810000 284.25 0.0
27813600 283.85 0.0
27817200 283.55 0.0
27820800 283.75 0.0
27824400 283.35 0.0
27828000 283.25 0.0
27831600 283.65 0.0
27835200 283.75 0.0
27838800 283.95 8.0
27842400 284.75 55.0
27846000 285.95 223.0
27849600 286.85 310.0
27853200 287.95 433.0
27856800 288.25 418.0
27860400 287.85 322.0
27864000 288.65 340.0
27867600 288.05 220.0
27871200 288.35 196.0
27874800 288.85 202.0
27878400 289.15 168.0
27882000 290.05 324.0
27885600 289.65 204.0
27889200 288.95 72.0
27892800 288.15 4.0
27896400 287.65 0.0
27900000 287.25 0.0
27903600 287.15 0.0
27907200 287.75 0.0
27910800 286.75 0.0
27914400 286.15 0.0
27918000 286.25 0.0
27921600 285.95 0.0
27925200 285.95 17.0
27928800 286.95 144.0
27932400 288.05 280.0
27936000 288.65 354.0
27939600 289.55 410.0
27943200 290.45 513.0
27946800 291.45 607.0
27950400 290.95 594.0
27954000 292.35 693.0
27957600 291.45 291.0
27961200 292.45 474.0
27964800 292.05 326.0
27968400 291.95 308.0
27972000 291.55 204.0
27975600 290.15 83.0
27979200 288.65 6.0
27982800 287.85 0.0
27986400 287.15 0.0
27990000 286.55 0.0
27993600 285.65 0.0
27997200 285.05 0.0
28000800 284.65 0.0
28004400 284.25 0.0
28008000 283.65 0.0
28011600 284.25 30.0
28015200 285.85 147.0
28018800 288.35 314.0
28022400 290.85 483.0
28026000 292.25 627.0
28029600 293.45 759.0
28033200 293.95 718.0
28036800 295.05 632.0
28040400 295.85 718.0
28044000 295.95 705.0
28047600 296.05 705.0
28051200 295.85 571.0
28054800 295.35 391.0
28058400 295.05 242.0
28062000 293.25 95.0
28065600 291.45 7.0
28069200 290.35 0.0
28072800 289.35 0.0
28076400 288.55 0.0
28080000 287.65 0.0
28083600 286.95 0.0
28087200 286.25 0.0
28090800 285.95 0.0
28094400 285.45 0.0
28098000 286.05 32.0
28101600 288.65 159.0
28105200 290.95 325.0
28108800 293.25 494.0
28112400 295.55 647.0
28116000 297.15 770.0
28119600 298.15 854.0
28123200 299.55 892.0
28126800 299.85 879.0
28130400 299.95 818.0
28134000 299.95 714.0
28137600 299.55 576.0
28141200 299.05 415.0
28144800 298.25 248.0
28148400 296.15 97.0
28152000 294.15 7.0
28155600 292.85 0.0
28159200 291.85 0.0
28162800 290.75 0.0
28166400 289.65 0.0
28170000 289.15 0.0
28173600 288.55 0.0
28177200 287.65 0.0
28180800 287.05 0.0
28184400 287.75 34.0
28188000 289.85 142.0
28191600 292.35 314.0
28195200 294.85 475.0
28198800 297.15 638.0
28202400 299.15 766.0
28206000 300.05 848.0
28209600 301.45 895.0
28213200 301.95 884.0
28216800 302.25 823.0
28220400 302.25 718.0
28224000 301.85 579.0
28227600 301.05 419.0
28231200 300.05 252.0
28234800 298.15 100.0
28238400 296.55 8.0
28242000 295.35 0.0
28245600 294.15 0.0
28249200 292.95 0.0
28252800 292.05 0.0
28256400 291.35 0.0
28260000 291.05 0.0
28263600 290.65 0.0
28267200 290.35 0.0
28270800 290.75 35.0
28274400 292.55 162.0
28278000 294.45 324.0
28281600 296.75 491.0
28285200 299.05 642.0
28288800 300.95 765.0
28292400 302.15 848.0
28296000 303.65 883.0
28299600 303.85 873.0
28303200 303.95 815.0
28306800 303.65 713.0
28310400 303.25 575.0
28314000 302.45 417.0
28317600 301.65 251.0
28321200 300.05 100.0
28324800 298.25 9.0
28328400 297.15 0.0
28332000 296.25 0.0
28335600 295.55 0.0
28339200 294.55 0.0
28342800 293.75 0.0
28346400 292.95 0.0
28350000 292.25 0.0
28353600 291.65 0.0
28357200 292.15 37.0
28360800 294.25 164.0
28364400 296.45 327.0
28368000 298.55 494.0
28371600 300.65 645.0
28375200 302.55 763.0
28378800 304.05 847.0
28382400 305.45 883.0
28386000 305.45 865.0
28389600 305.55 810.0
28393200 305.25 703.0
28396800 304.65 557.0
28400400 303.75 412.0
28404000 302.95 251.0
28407600 301.25 100.0
28411200 299.45 9.0
28414800 298.15 0.0
28418400 296.95 0.0
28422000 295.85 0.0
28425600 294.45 0.0
28429200 293.35 0.0
28432800 292.35 0.0
28436400 291.45 0.0
28440000 290.75 0.0
28443600 290.95 39.0
28447200 293.05 169.0
28450800 295.35 335.0
28454400 298.15 503.0
28458000 300.95 655.0
28461600 302.95 779.0
28465200 304.35 864.0
28468800 305.55 902.0
28472400 306.05 893.0
28476000 306.45 833.0
28479600 306.55 728.0
28483200 306.15 586.0
28486800 305.05 427.0
28490400 303.85 258.0
28494000 302.15 105.0
28497600 300.35 10.0
28501200 298.65 0.0
28504800 297.45 0.0
28508400 296.35 0.0
28512000 294.75 0.0
28515600 293.95 0.0
28519200 293.15 0.0
28522800 292.45 0.0
28526400 291.75 0.0
28530000 292.15 40.0
28533600 293.85 171.0
28537200 296.05 335.0
28540800 298.85 502.0
28544400 301.25 655.0
28548000 302.55 778.0
28551600 303.45 861.0
28555200 304.45 899.0
28558800 304.85 887.0
28562400 305.05 806.0
28566000 304.95 700.0
28569600 304.45 551.0
28573200 303.65 398.0
28576800 302.95 252.0
28580400 301.95 108.0
28584000 300.25 11.0
28587600 299.45 0.0
28591200 297.95 0.0
28594800 296.55 0.0
28598400 295.35 0.0
28602000 294.45 0.0
28605600 293.75 0.0
28609200 293.25 0.0
28612800 292.65 0.0
28616400 293.05 40.0
28620000 294.65 169.0
28623600 296.45 323.0
28627200 298.35 463.0
28630800 300.55 624.0
28634400 302.45 762.0
28638000 303.85 839.0
28641600 304.95 884.0
28645200 304.35 840.0
28648800 303.25 744.0
28652400 302.35 377.0
28656000 303.05 449.0
28659600 303.35 403.0
28663200 302.85 202.0
28666800 301.75 97.0
28670400 299.95 11.0
28674000 298.85 0.0
28677600 297.55 0.0
28681200 296.75 0.0
28684800 294.95 0.0
28688400 294.05 0.0
28692000 293.45 0.0
28695600 292.75 0.0
28699200 292.35 0.0
28702800 293.05 40.0
28706400 294.65 156.0
28710000 296.75 329.0
28713600 299.05 495.0
28717200 301.25 629.0
28720800 302.75 740.0
28724400 303.85 809.0
28728000 304.55 832.0
28731600 305.05 839.0
28735200 305.45 790.0
28738800 305.55 711.0
28742400 305.35 496.0
28746000 304.85 289.0
28749600 303.75 194.0
28753200 301.65 105.0
28756800 299.75 11.0
28760400 299.05 0.0
28764000 297.85 0.0
28767600 296.45 0.0
28771200 295.85 0.0
28774800 294.35 0.0
28778400 293.95 0.0
28782000 293.65 0.0
28785600 293.35 0.0
28789200 293.85 33.0
28792800 295.05 147.0
28796400 297.35 316.0
28800000 299.25 497.0
28803600 301.35 644.0
28807200 303.05 767.0
28810800 304.35 849.0
28814400 305.85 887.0
28818000 304.95 849.0
28821600 304.45 520.0
28825200 304.25 670.0
28828800 300.65 410.0
28832400 300.55 265.0
28836000 302.45 176.0
28839600 300.75 84.0
28843200 298.45 12.0
28846800 297.15 0.0
28850400 296.75 0.0
28854000 296.15 0.0
28857600 294.35 0.0
28861200 290.85 0.0
28864800 291.25 0.0
28868400 290.85 0.0
28872000 290.15 0.0
28875600 290.05 33.0
28879200 291.05 118.0
28882800 291.55 239.0
28886400 292.55 408.0
28890000 294.05 578.0
28893600 294.75 591.0
28897200 295.45 593.0
28900800 296.15 539.0
28904400 295.55 368.0
28908000 294.75 332.0
28911600 294.75 371.0
28915200 295.55 309.0
28918800 294.55 203.0
28922400 294.15 102.0
28926000 293.85 99.0
28929600 293.65 3.0
28933200 292.95 0.0
28936800 291.65 0.0
28940400 290.75 0.0
28944000 289.45 0.0
28947600 288.65 0.0
28951200 288.05 0.0
28954800 287.65 0.0
28958400 287.25 0.0
28962000 287.75 37.0
28965600 288.85 146.0
28969200 290.25 308.0
28972800 291.85 476.0
28976400 293.15 578.0
28980000 294.55 725.0
28983600 295.95 830.0
28987200 297.55 870.0
28990800 297.55 560.0
28994400 297.75 459.0
28998000 298.05 446.0
29001600 298.55 453.0
29005200 298.35 319.0
29008800 297.95 178.0
29012400 296.65 78.0
29016000 295.55 12.0
29019600 294.85 0.0
29023200 293.95 0.0
29026800 293.45 0.0
29030400 293.15 0.0
29034000 292.45 0.0
29037600 291.75 0.0
29041200 291.05 0.0
29044800 290.15 0.0
29048400 289.95 35.0
29052000 290.95 110.0
29055600 291.25 225.0
29059200 291.15 183.0
29062800 290.95 209.0
29066400 290.85 178.0
29070000 290.25 324.0
29073600 293.15 669.0
29077200 293.65 770.0
29080800 294.25 751.0
29084400 291.65 451.0
29088000 292.85 454.0
29091600 291.65 358.0
29095200 289.65 196.0
29098800 288.25 83.0
29102400 288.15 9.0
29106000 288.15 0.0
29109600 288.05 0.0
29113200 287.45 0.0
29116800 287.05 0.0
29120400 286.75 0.0
29124000 286.35 0.0
29127600 286.15 0.0
29131200 285.85 0.0
29134800 286.65 38.0
29138400 287.85 108.0
29142000 288.65 253.0
29145600 289.75 409.0
29149200 290.25 357.0
29152800 290.55 354.0
29156400 292.85 665.0
29160000 293.05 491.0
29163600 292.45 354.0
29167200 292.35 209.0
29170800 292.95 383.0
29174400 292.25 235.0
29178000 291.55 177.0
29181600 291.95 82.0
29185200 291.35 20.0
29188800 290.95 6.0
29192400 290.05 0.0
29196000 289.65 0.0
29199600 289.35 0.0
29203200 288.45 0.0
29206800 288.45 0.0
29210400 288.05 0.0
29214000 288.05 0.0
29217600 288.05 0.0
29221200 288.25 11.0
29224800 288.75 43.0
29228400 288.55 44.0
29232000 289.35 176.0
29235600 289.15 188.0
29239200 289.75 398.0
29242800 291.85 751.0
29246400 291.95 413.0
29250000 292.05 823.0
29253600 291.35 662.0
29257200 290.05 664.0
29260800 291.55 529.0
29264400 288.75 287.0
29268000 290.25 256.0
29271600 289.05 97.0
29275200 287.45 14.0
29278800 287.15 0.0
29282400 287.15 0.0
29286000 286.25 0.0
29289600 285.95 0.0
29293200 285.45 0.0
29296800 284.95 0.0
29300400 284.55 0.0
29304000 284.25 0.0
29307600 284.75 41.0
29311200 285.85 142.0
29314800 286.95 207.0
29318400 287.85 367.0
29322000 288.85 525.0
29325600 288.95 402.0
29329200 290.75 690.0
29332800 291.35 658.0
29336400 290.95 461.0
29340000 291.05 596.0
29343600 291.75 617.0
29347200 291.75 472.0
29350800 291.45 329.0
29354400 290.75 154.0
29358000 289.85 113.0
29361600 288.65 16.0
29365200 287.85 0.0
29368800 287.35 0.0
29372400 286.95 0.0
29376000 286.55 0.0
29379600 286.35 0.0
29383200 286.25 0.0
29386800 286.05 0.0
29390400 285.85 0.0
29394000 286.45 14.0
29397600 288.25 94.0
29401200 288.45 59.0
29404800 289.35 154.0
29408400 290.85 383.0
29412000 291.25 418.0
29415600 291.55 415.0
29419200 291.35 497.0
29422800 290.35 281.0
29426400 292.85 697.0
29430000 293.45 650.0
29433600 293.25 601.0
29437200 292.45 372.0
29440800 292.25 226.0
29444400 291.15 109.0
29448000 290.05 15.0
29451600 289.15 0.0
29455200 288.25 0.0
29458800 287.35 0.0
29462400 286.75 0.0
29466000 286.15 0.0
29469600 285.15 0.0
29473200 284.45 0.0
29476800 283.75 0.0
29480400 284.15 48.0
29484000 285.75 180.0
29487600 287.35 341.0
29491200 288.75 507.0
29494800 289.75 581.0
29498400 290.85 583.0
29502000 291.55 628.0
29505600 293.55 840.0
29509200 294.15 799.0
29512800 296.05 814.0
29516400 295.15 731.0
29520000 294.95 574.0
29523600 294.35 421.0
29527200 294.15 259.0
29530800 293.25 106.0
29534400 291.75 16.0
29538000 291.05 0.0
29541600 290.35 0.0
29545200 289.75 0.0
29548800 288.65 0.0
29552400 288.05 0.0
29556000 287.55 0.0
29559600 287.05 0.0
29563200 286.95 0.0
29566800 287.25 21.0
29570400 288.15 73.0
29574000 289.05 100.0
29577600 290.15 170.0
29581200 291.15 205.0
29584800 293.05 410.0
29588400 294.75 608.0
29592000 294.85 410.0
29595600 296.25 831.0
29599200 294.95 576.0
29602800 294.85 517.0
29606400 294.35 519.0
29610000 292.75 258.0
29613600 289.95 110.0
29617200 288.45 39.0
29620800 288.15 2.0
29624400 287.85 0.0
29628000 287.45 0.0
29631600 287.05 0.0
29635200 286.75 0.0
29638800 286.25 0.0
29642400 285.15 0.0
29646000 284.15 0.0
29649600 283.45 0.0
29653200 283.65 50.0
29656800 285.15 185.0
29660400 286.35 347.0
29664000 287.55 486.0
29667600 288.65 604.0
29671200 289.55 649.0
29674800 290.45 721.0
29678400 290.75 699.0
29682000 291.65 799.0
29685600 292.25 760.0
29689200 292.15 620.0
29692800 291.75 439.0
29696400 291.45 354.0
29700000 290.35 200.0
29703600 289.25 100.0
29707200 288.25 16.0
29710800 287.85 0.0
29714400 287.65 0.0
29718000 287.35 0.0
29721600 285.75 0.0
29725200 285.55 0.0
29728800 285.15 0.0
29732400 284.75 0.0
29736000 284.55 0.0
29739600 284.95 21.0
29743200 285.95 108.0
29746800 286.85 291.0
29750400 287.95 445.0
29754000 288.95 597.0
29757600 289.55 670.0
29761200 290.05 660.0
29764800 288.15 669.0
29768400 289.85 733.0
29772000 289.45 678.0
29775600 288.75 492.0
29779200 290.45 495.0
29782800 289.65 282.0
29786400 289.25 226.0
29790000 288.55 110.0
29793600 287.25 17.0
29797200 286.45 0.0
29800800 285.75 0.0
29804400 285.65 0.0
29808000 284.65 0.0
29811600 284.15 0.0
29815200 283.65 0.0
29818800 283.15 0.0
29822400 282.85 0.0
29826000 283.35 46.0
29829600 284.85 176.0
29833200 286.45 332.0
29836800 287.95 490.0
29840400 288.95 492.0
29844000 289.65 453.0
29847600 290.35 479.0
29851200 291.35 494.0
29854800 291.05 412.0
29858400 290.25 260.0
29862000 290.45 241.0
29865600 290.35 208.0
29869200 290.05 172.0
29872800 290.35 87.0
29876400 290.05 106.0
29880000 290.15 6.0
29883600 290.25 0.0
29887200 290.45 0.0
29890800 290.35 0.0
29894400 290.15 0.0
29898000 289.95 0.0
29901600 289.85 0.0
29905200 289.55 0.0
29908800 289.25 0.0
29912400 289.25 10.0
29916000 290.05 55.0
29919600 290.45 77.0
29923200 291.75 252.0
29926800 292.25 272.0
29930400 292.75 348.0
29934000 292.65 258.0
29937600 294.75 352.0
29941200 295.95 427.0
29944800 296.95 482.0
29948400 298.15 578.0
29952000 298.25 385.0
29955600 298.65 383.0
29959200 298.65 262.0
29962800 297.65 129.0
29966400 295.95 21.0
29970000 294.65 0.0
29973600 293.45 0.0
29977200 292.45 0.0
29980800 291.45 0.0
29984400 290.35 0.0
29988000 289.75 0.0
29991600 289.45 0.0
29995200 289.15 0.0
29998800 288.95 20.0
30002400 290.05 63.0
30006000 290.85 238.0
30009600 292.55 488.0
30013200 294.35 645.0
30016800 296.25 783.0
30020400 297.75 866.0
30024000 299.75 905.0
30027600 300.45 892.0
30031200 300.95 838.0
30034800 301.15 743.0
30038400 300.85 612.0
30042000 300.05 453.0
30045600 299.45 287.0
30049200 297.75 130.0
30052800 296.15 23.0
30056400 294.75 0.0
30060000 293.45 0.0
30063600 292.15 0.0
30067200 290.65 0.0
30070800 289.75 0.0
30074400 288.75 0.0
30078000 287.85 0.0
30081600 287.25 0.0
30085200 287.55 52.0
30088800 288.65 186.0
30092400 289.95 348.0
30096000 291.65 513.0
30099600 293.25 663.0
30103200 294.85 788.0
30106800 296.45 874.0
30110400 297.95 914.0
30114000 298.75 904.0
30117600 299.55 848.0
30121200 299.75 748.0
30124800 299.55 611.0
30128400 298.75 451.0
30132000 298.15 283.0
30135600 296.95 132.0
30139200 295.95 23.0
30142800 294.85 0.0
30146400 293.35 0.0
30150000 291.85 0.0
30153600 290.05 0.0
30157200 289.05 0.0
30160800 288.25 0.0
30164400 287.75 0.0
30168000 287.25 0.0
30171600 287.55 50.0
30175200 288.95 170.0
30178800 291.15 338.0
30182400 293.05 456.0
30186000 294.75 590.0
30189600 296.55 773.0
30193200 297.95 829.0
30196800 298.85 897.0
30200400 299.95 871.0
30204000 300.95 837.0
30207600 301.45 665.0
30211200 301.95 562.0
30214800 302.05 392.0
30218400 301.85 239.0
30222000 297.85 57.0
30225600 296.35 6.0
30229200 295.75 0.0
30232800 295.55 0.0
30236400 295.15 0.0
30240000 293.35 0.0
30243600 293.35 0.0
30247200 292.65 0.0
30250800 292.35 0.0
30254400 292.55 0.0
30258000 293.15 29.0
30261600 294.65 126.0
30265200 294.95 136.0
30268800 297.05 331.0
30272400 297.35 428.0
30276000 298.55 621.0
30279600 299.95 817.0
30283200 301.75 738.0
30286800 301.25 831.0
30290400 301.05 690.0
30294000 300.85 594.0
30297600 301.05 592.0
30301200 300.25 439.0
30304800 300.15 275.0
30308400 298.85 131.0
30312000 297.65 24.0
30315600 296.75 0.0
30319200 295.55 0.0
30322800 294.45 0.0
30326400 293.45 0.0
30330000 292.65 0.0
30333600 292.05 0.0
30337200 291.35 0.0
30340800 290.75 0.0
30344400 291.15 47.0
30348000 292.75 164.0
30351600 295.25 320.0
30355200 297.45 492.0
30358800 299.05 640.0
30362400 300.45 757.0
30366000 301.75 844.0
30369600 302.85 884.0
30373200 303.85 833.0
30376800 304.75 802.0
30380400 305.25 728.0
30384000 305.05 600.0
30387600 304.45 455.0
30391200 304.25 292.0
30394800 303.25 137.0
30398400 302.35 25.0
30402000 301.55 0.0
30405600 300.65 0.0
30409200 297.45 0.0
30412800 296.15 0.0
30416400 294.55 0.0
30420000 293.65 0.0
30423600 292.95 0.0
30427200 292.35 0.0
30430800 292.65 50.0
30434400 294.15 178.0
30438000 296.75 335.0
30441600 299.95 495.0
30445200 303.15 642.0
30448800 305.35 764.0
30452400 306.75 848.0
30456000 307.95 874.0
30459600 308.85 849.0
30463200 308.85 667.0
30466800 309.15 661.0
30470400 308.45 590.0
30474000 301.95 158.0
30477600 299.85 182.0
30481200 300.95 68.0
30484800 300.05 11.0
30488400 299.35 0.0
30492000 298.45 0.0
30495600 297.45 0.0
30499200 295.05 0.0
30502800 295.05 0.0
30506400 294.85 0.0
30510000 294.35 0.0
30513600 293.95 0.0
30517200 294.55 48.0
30520800 296.75 179.0
30524400 299.05 329.0
30528000 301.35 495.0
30531600 303.65 640.0
30535200 305.65 761.0
30538800 307.05 848.0
30542400 303.95 886.0
30546000 306.35 774.0
30549600 306.55 699.0
30553200 306.35 549.0
30556800 307.35 600.0
30560400 307.45 404.0
30564000 304.65 216.0
30567600 303.15 132.0
30571200 301.85 26.0
30574800 300.55 0.0
30578400 299.75 0.0
30582000 297.95 0.0
30585600 295.15 0.0
30589200 294.95 0.0
30592800 294.45 0.0
30596400 293.75 0.0
30600000 293.35 0.0
30603600 293.65 49.0
30607200 294.65 178.0
30610800 296.65 335.0
30614400 299.15 496.0
30618000 301.65 644.0
30621600 303.85 764.0
30625200 305.65 846.0
30628800 304.85 884.0
30632400 303.35 652.0
30636000 303.95 446.0
30639600 304.35 554.0
30643200 304.35 490.0
30646800 304.25 263.0
30650400 301.25 215.0
30654000 302.45 115.0
30657600 301.95 22.0
30661200 301.25 0.0
30664800 299.75 0.0
30668400 298.55 0.0
30672000 295.05 0.0
30675600 295.15 0.0
30679200 294.75 0.0
30682800 294.55 0.0
30686400 294.05 0.0
30690000 294.45 47.0
30693600 295.45 173.0
30697200 298.05 329.0
30700800 300.85 491.0
30704400 302.95 640.0
30708000 304.75 761.0
30711600 306.25 847.0
30715200 307.25 887.0
30718800 308.45 878.0
30722400 308.95 817.0
30726000 309.25 721.0
30729600 309.45 577.0
30733200 309.25 437.0
30736800 308.45 241.0
30740400 306.45 108.0
30744000 305.15 24.0
30747600 303.55 0.0
30751200 301.75 0.0
30754800 300.75 0.0
30758400 299.75 0.0
30762000 299.15 0.0
30765600 298.45 0.0
30769200 297.75 0.0
30772800 297.15 0.0
30776400 297.55 48.0
30780000 299.35 173.0
30783600 301.45 329.0
30787200 303.75 490.0
30790800 306.15 637.0
30794400 307.95 758.0
30798000 309.05 844.0
30801600 309.95 881.0
30805200 309.85 867.0
30808800 309.45 631.0
30812400 307.85 646.0
30816000 308.05 511.0
30819600 307.65 424.0
30823200 306.95 282.0
30826800 305.75 132.0
30830400 304.45 26.0
30834000 303.45 0.0
30837600 302.25 0.0
30841200 301.15 0.0
30844800 299.95 0.0
30848400 299.25 0.0
30852000 298.45 0.0
30855600 297.75 0.0
30859200 297.05 0.0
30862800 297.45 48.0
30866400 299.15 170.0
30870000 301.25 317.0
30873600 304.05 489.0
30877200 305.35 639.0
30880800 305.15 616.0
30884400 307.55 818.0
30888000 308.15 856.0
30891600 309.45 857.0
30895200 310.05 802.0
30898800 310.35 716.0
30902400 310.15 601.0
30906000 309.05 454.0
30909600 306.75 211.0
30913200 307.45 93.0
30916800 306.15 20.0
30920400 304.55 0.0
30924000 303.35 0.0
30927600 302.25 0.0
30931200 300.35 0.0
30934800 299.35 0.0
30938400 298.65 0.0
30942000 298.05 0.0
30945600 297.55 0.0
30949200 298.15 45.0
30952800 299.75 156.0
30956400 301.95 295.0
30960000 304.35 446.0
30963600 306.95 630.0
30967200 308.95 749.0
30970800 310.35 843.0
30974400 311.75 883.0
30978000 312.45 859.0
30981600 312.95 760.0
30985200 312.95 690.0
30988800 312.85 575.0
30992400 311.15 303.0
30996000 310.55 186.0
30999600 308.95 76.0
31003200 307.45 24.0
31006800 305.95 0.0
31010400 304.75 0.0
31014000 304.05 0.0
31017600 302.95 0.0
31021200 302.05 0.0
31024800 301.25 0.0
31028400 300.45 0.0
31032000 299.75 0.0
31035600 300.05 48.0
31039200 301.75 175.0
31042800 304.05 331.0
31046400 306.85 490.0
31050000 308.85 603.0
31053600 309.95 725.0
31057200 310.75 847.0
31060800 312.55 895.0
31064400 312.05 731.0
31068000 311.55 519.0
31071600 312.25 676.0
31075200 311.75 512.0
31078800 311.55 386.0
31082400 311.55 262.0
31086000 310.25 130.0
31089600 308.05 25.0
31093200 306.05 0.0
31096800 304.85 0.0
31100400 304.15 0.0
31104000 302.85 0.0
31107600 301.65 0.0
31111200 301.05 0.0
31114800 300.25 0.0
31118400 299.35 0.0
31122000 299.55 47.0
31125600 298.95 161.0
31129200 301.65 222.0
31132800 305.15 451.0
31136400 307.25 613.0
31140000 309.05 733.0
31143600 308.45 800.0
31147200 305.45 787.0
31150800 305.75 577.0
31154400 305.45 469.0
31158000 307.85 687.0
31161600 308.45 594.0
31165200 308.15 437.0
31168800 308.45 290.0
31172400 307.15 117.0
31176000 304.05 24.0
31179600 301.75 0.0
31183200 300.55 0.0
31186800 299.35 0.0
31190400 297.65 0.0
31194000 297.05 0.0
31197600 296.15 0.0
31201200 295.45 0.0
31204800 295.15 0.0
31208400 295.15 45.0
31212000 296.25 170.0
31215600 298.05 326.0
31219200 300.25 486.0
31222800 302.15 635.0
31226400 303.75 755.0
31230000 305.25 838.0
31233600 307.65 878.0
31237200 309.15 876.0
31240800 309.45 731.0
31244400 309.35 602.0
31248000 308.25 386.0
31251600 307.75 310.0
31255200 309.25 255.0
31258800 307.65 83.0
31262400 300.75 11.0
31266000 298.15 0.0
31269600 298.25 0.0
31273200 297.55 0.0
31276800 297.05 0.0
31280400 295.85 0.0
31284000 295.05 0.0
31287600 294.85 0.0
31291200 294.65 0.0
31294800 295.35 45.0
31298400 296.55 170.0
31302000 298.45 323.0
31305600 299.25 421.0
31309200 298.15 223.0
31312800 297.55 122.0
31316400 300.45 716.0
31320000 301.65 817.0
31323600 302.85 845.0
31327200 303.45 716.0
31330800 304.25 710.0
31334400 303.75 504.0
31338000 300.35 306.0
31341600 301.75 180.0
31345200 299.35 128.0
31348800 297.55 24.0
31352400 295.85 0.0
31356000 294.95 0.0
31359600 294.05 0.0
31363200 293.65 0.0
31366800 292.55 0.0
31370400 291.65 0.0
31374000 290.55 0.0
31377600 289.85 0.0
31381200 289.75 36.0
31384800 290.45 140.0
31388400 291.35 246.0
31392000 292.85 439.0
31395600 294.25 581.0
31399200 295.65 716.0
31402800 297.15 810.0
31406400 298.65 827.0
31410000 299.05 579.0
31413600 299.25 542.0
31417200 299.15 392.0
31420800 300.25 541.0
31424400 299.95 402.0
31428000 300.05 260.0
31431600 299.45 109.0
31435200 298.05 22.0
31438800 296.45 0.0
31442400 294.45 0.0
31446000 293.45 0.0
31449600 291.55 0.0
31453200 290.55 0.0
31456800 289.85 0.0
31460400 289.35 0.0
31464000 288.75 0.0
31467600 288.95 44.0
31471200 290.45 162.0
31474800 292.05 299.0
31478400 294.25 485.0
31482000 296.15 581.0
31485600 297.75 675.0
31489200 299.05 792.0
31492800 299.75 625.0
31496400 300.95 810.0
31500000 301.85 799.0
31503600 302.15 711.0
31507200 301.85 520.0
31510800 299.85 315.0
31514400 297.85 220.0
31518000 297.75 132.0
31521600 296.35 24.0
31525200 295.55 0.0
31528800 294.75 0.0
31532400 293.55 0.0
31536000 300.05 0.0
